Timestamp,PM2.5 (µg/m³),PM10 (µg/m³),NO (µg/m³),NO2 (µg/m³),NOx (ppb),NH3 (µg/m³),SO2 (µg/m³),CO (mg/m³),Ozone (µg/m³),Benzene (µg/m³),Toluene (µg/m³),Xylene (µg/m³),O Xylene (µg/m³),Eth-Benzene (µg/m³),MP-Xylene (µg/m³),AT (°C),RH (%),WS (m/s),WD (deg),RF (mm),TOT-RF (mm),SR (W/mt2),BP (mmHg),VWS (m/s),AQI
2023-05-01,19.369545454545456,36.501931818181816,2.1169791666666664,17.937604166666667,20.357604166666665,27.69322916666667,16.468333333333334,0.4584375,17.060624999999998,0.10875,0.0,0.0,0.0,0.1822916666666666,0.07375,26.17760416666667,71.71729166666667,0.7204166666666666,120.85041666666666,0.0820833333333333,0.0820833333333333,93.99302083333332,743.86,0.0,53.0
2023-05-02,20.539347826086956,31.29728260869565,1.8892708333333337,18.82375,20.870625,26.885208333333335,16.90458333333333,0.4582291666666667,18.089375,0.1092708333333333,0.0,0.0,0.0,0.183125,0.07375,26.39375,71.77583333333334,0.5533333333333333,128.4439583333333,0.0744791666666666,0.0744791666666666,115.98760416666666,744.8166666666666,0.0,47.0
2023-05-03,20.20625,37.14909090909091,1.7553124999999998,18.6625,20.514166666666664,25.0378125,16.964583333333334,0.4790624999999999,19.17322916666667,0.1139583333333333,0.0,0.0,0.0,0.1916666666666666,0.0775,26.516562500000003,73.4609375,0.6169791666666666,147.975625,0.1164583333333333,0.1164583333333333,95.11666666666667,745.5170833333333,0.0,52.0
2023-05-04,18.622738095238095,32.81214285714286,1.8485416666666667,19.472916666666663,21.42895833333333,26.226666666666663,16.795104166666665,0.504375,16.951354166666665,0.11875,0.0,0.0,0.0,0.1994791666666666,0.0803125,26.86916666666667,72.29375,0.4957638888888889,146.870625,0.0101041666666666,0.0101041666666666,126.64427083333334,745.3494791666667,0.0,48.0
2023-05-05,31.897604166666667,63.149166666666666,1.8659375,25.9628125,27.674479166666668,25.659270833333338,19.34541666666667,0.6862499999999999,16.281041666666667,0.1640625,0.0,0.0,0.0,0.2735416666666667,0.1095833333333333,29.086041666666663,59.9653125,0.4690625,183.50375,0.0062499999999999,0.0062499999999999,130.9859375,744.0101041666667,0.0,52.0
2023-05-06,41.37197916666667,86.24260416666668,1.688229166666667,27.69541666666667,29.070104166666667,25.331666666666667,21.0128125,0.6847916666666666,19.784166666666668,0.164375,0.0,0.0,0.0,0.2733333333333334,0.1097916666666666,30.8809375,52.74697916666667,0.5835763888888889,187.25204861111112,0.0,0.0,121.93052083333332,742.4952083333333,0.0,86.0
2023-05-07,46.6753125,121.93520833333334,1.6033333333333333,29.737916666666667,30.8334375,25.358541666666667,21.123125,0.6653125000000001,16.747395833333332,0.1601041666666666,0.0,0.0,0.0,0.2647916666666666,0.1066666666666666,32.4365625,44.140625,0.5013541666666667,167.66385416666665,0.00125,0.00125,124.3165625,742.1628125000001,0.0,122.0
2023-05-08,33.242916666666666,101.06135416666666,2.4270833333333335,27.081041666666664,29.557916666666667,22.914270833333333,19.522708333333338,0.5894791666666667,15.051354166666668,0.1414583333333333,0.0,0.0,0.0,0.234375,0.0942708333333333,31.8365625,41.6425,0.5867708333333334,135.76802083333334,0.0054166666666666,0.0054166666666666,115.22781249999998,742.2071875,0.0,109.0
2023-05-09,34.07604166666667,102.27895833333334,1.444583333333333,25.010520833333334,26.090208333333333,22.4978125,19.86104166666667,0.5791666666666667,18.573020833333334,0.1386458333333333,0.0,0.0,0.0,0.2309375,0.0928125,32.59125,39.16375,0.7034375,189.35385416666668,0.0020833333333333,0.0020833333333333,130.18281249999998,742.2638541666666,0.0,100.0
2023-05-10,45.98760416666667,113.9790625,1.3401041666666669,26.860520833333336,27.772499999999997,27.273645833333333,24.018125,0.6498958333333333,22.15697916666667,0.1564583333333333,0.0,0.0,0.0,0.2608333333333333,0.1046874999999999,31.444166666666664,35.0371875,0.6490625,195.68197916666668,0.00125,0.00125,129.09260416666666,742.5163541666667,0.0,104.0
2023-05-11,37.896875,102.35614583333334,2.7103125,33.06677083333333,35.746874999999996,25.54479166666667,21.195833333333333,0.6513541666666667,19.745729166666667,0.156875,0.0,0.0,0.0,0.26,0.1041666666666666,31.472604166666667,33.12447916666667,0.4243402777777778,154.6145138888889,0.0025,0.0025,132.19770833333334,743.4408333333334,0.0,103.0
2023-05-12,50.373020833333335,116.91583333333334,3.3621527777777778,35.34802083333333,38.8903125,29.157083333333333,22.967604166666664,0.7541666666666668,30.319270833333334,0.1814583333333333,0.0,0.0,0.0,0.3019791666666667,0.1208333333333333,32.581875000000004,35.97479166666667,0.3463541666666667,134.27375,0.0029166666666666,0.0029166666666666,130.680625,742.8905208333334,0.0,126.0
2023-05-13,52.396562499999995,111.40229166666668,1.83875,34.21875,35.58083333333333,29.216145833333332,24.51625,0.854375,20.2246875,0.2047916666666666,0.0,0.0,0.0,0.3408333333333333,0.1365625,33.114895833333335,37.3403125,0.2883333333333333,94.40333333333332,0.0012499999999999,0.0012499999999999,120.31760416666668,742.0397916666667,0.0,149.0
2023-05-14,57.46270833333333,127.00104166666668,1.7360069444444444,32.70791666666667,33.95322916666667,28.9021875,31.504895833333332,0.8683333333333333,20.4965625,0.2084375,0.0,0.0,0.0,0.346875,0.139375,34.23354166666667,37.78791666666667,0.4067708333333333,139.135,0.0016666666666666,0.0016666666666666,117.89375,739.4073958333333,0.0,142.0
2023-05-15,41.74989583333333,164.9259375,4.06125,29.768229166666668,34.589062500000004,34.90177083333334,29.466145833333332,0.75875,15.620625,0.1817708333333333,0.0,0.0,0.0,0.3028125,0.1216666666666666,33.861875,36.89270833333333,0.5219791666666667,160.56760416666663,0.0,0.0,109.47979166666666,739.8090625,0.0,164.0
2023-05-16,60.74728260869565,206.86141304347825,11.808958333333337,33.94322916666667,49.97885416666667,38.64697916666667,30.45,0.8927083333333333,13.058541666666663,0.2146875,0.0,0.0,0.0,0.3564583333333333,0.1423958333333333,33.850833333333334,41.09427083333333,0.63875,195.53197916666667,0.00125,0.00125,118.28427083333332,741.1119791666666,0.0,143.0
2023-05-17,33.245312500000004,132.33572916666665,1.619548611111111,25.804270833333337,27.110208333333333,29.7559375,37.423125,0.5860416666666667,15.104270833333333,0.1402083333333333,0.0,0.0,0.0,0.235,0.09375,35.49729166666667,33.59072916666667,0.5707291666666666,201.98197916666663,0.0020833333333333,0.0020833333333333,116.6765625,742.0878125,0.0,131.0
2023-05-18,31.863586956521743,128.00477272727272,2.4019791666666666,20.7446875,23.467291666666668,30.090104166666663,24.153645833333332,0.505,24.768020833333335,0.1209374999999999,0.0,0.0,0.0,0.2009375,0.0809374999999999,34.46885416666667,37.75697916666667,0.8247916666666666,209.81270833333335,0.0020833333333333,0.0020833333333333,121.46760416666666,744.0130208333334,0.0,164.0
2023-05-19,30.956458333333337,76.87364583333333,2.432916666666667,18.196250000000003,21.059895833333332,40.5671875,25.050833333333333,0.5436458333333333,20.45875,0.1307291666666666,0.0,0.0,0.0,0.2164583333333333,0.0875,34.488437499999996,39.5684375,0.9089583333333334,244.915,0.0016666666666666,0.0016666666666666,126.10739583333331,742.6528125,0.0,91.0
2023-05-20,37.602291666666666,93.02489583333332,3.715243055555556,24.6746875,29.144166666666667,31.98447916666667,25.84385416666667,0.6784374999999999,20.190416666666668,0.163125,0.0,0.0,0.0,0.2714583333333333,0.1084375,34.08447916666667,38.03927083333333,0.5972569444444444,170.4245486111111,0.0008333333333333,0.0008333333333333,130.1996875,741.5219791666667,0.0,101.0
2023-05-21,33.57270833333333,86.99760416666668,7.085034722222222,31.988020833333337,41.10333333333333,29.008645833333333,24.3421875,0.7734375,15.825625,0.1852083333333333,0.0,0.0,0.0,0.3085416666666666,0.1239583333333333,35.435208333333335,35.83989583333334,0.5454166666666667,166.3186458333333,0.0,0.0,128.39697916666668,741.4966666666666,0.0,105.0
2023-05-22,31.56052083333333,96.4190625,2.908333333333333,28.325729166666665,31.491145833333334,27.500625,27.272743055555555,0.6973958333333333,15.092291666666666,0.1672916666666666,0.0,0.0,0.0,0.2780208333333333,0.1113541666666666,36.76875,36.59458333333333,0.5140625,176.2628125,0.0045833333333333,0.0045833333333333,125.21770833333332,741.9758333333334,0.0,119.0
2023-05-23,36.35475,92.17041666666668,15.69798245614035,21.96055555555556,32.38657894736842,26.803333333333335,36.49548245614035,0.5827631578947369,18.20684210526316,0.1398684210526315,0.0,0.0,0.0,0.2371052631578947,0.095,38.13618421052632,33.2725,0.8452631578947368,202.6097368421053,0.0,0.0,104.45684210526316,741.5688157894737,0.0,92.0
2023-05-24,28.217125,85.04381578947368,21.22102272727273,18.928571428571427,28.70628472222222,27.176249999999996,24.593181818181815,0.5108333333333334,20.897386363636365,0.1229166666666666,0.0,0.0,0.0,0.2281818181818181,0.0921590909090909,33.92715909090909,46.31670454545454,0.8827272727272727,155.94681818181817,0.0041666666666666,0.0041666666666666,97.00677083333332,742.1414772727272,0.0,89.0
2023-05-25,18.867083333333333,52.665729166666665,2.3225,16.412291666666665,19.15760416666667,32.95010416666667,22.880104166666666,0.5044791666666667,17.5221875,0.1211458333333333,0.0,0.0,0.0,0.2011458333333333,0.0807291666666666,31.555000000000003,56.17177083333333,0.8069791666666667,135.14135416666667,0.0079166666666666,0.0079166666666666,105.52489583333332,742.2765625000001,0.0,68.0
2023-05-26,14.408020833333332,38.5103125,3.4012499999999997,17.356041666666666,21.649895833333332,30.60739583333333,20.75947916666667,0.4735416666666667,16.481979166666665,0.1135416666666666,0.0,0.0,0.0,0.1883333333333333,0.0755208333333333,27.796875,69.10895833333333,0.65125,159.5009375,0.0805208333333333,0.0805208333333333,97.80947916666666,743.5216666666666,0.0,62.0
2023-05-27,28.104270833333334,69.19354166666666,6.370520833333334,18.418020833333333,27.077916666666667,31.0690625,20.750625,0.5221875,16.703333333333333,0.1261458333333333,0.0,0.0,0.0,0.2089583333333333,0.0831249999999999,28.088645833333334,67.10385416666666,0.5898958333333333,127.96708333333332,0.0124999999999999,0.0124999999999999,102.87947916666668,742.9626041666667,0.0,79.0
2023-05-28,33.80114583333333,90.7390625,5.995,14.258020833333331,22.530104166666664,29.68760416666667,21.226979166666663,0.5373958333333334,17.188229166666666,0.1289583333333333,0.0,0.0,0.0,0.2152083333333333,0.0865625,30.127395833333335,62.49760416666667,0.5326041666666667,141.93885416666666,0.0008333333333333,0.0008333333333333,109.5940625,743.4629166666667,0.0,83.0
2023-05-29,31.590625,96.26479166666668,4.07875,15.3796875,20.772916666666667,30.081875,24.3571875,0.5165625,17.452083333333334,0.1238541666666666,0.0,0.0,0.0,0.2054166666666666,0.0825,32.11697916666667,52.72,0.5443749999999999,163.95520833333333,0.0,0.0,118.4159375,744.3075,0.0,88.0
2023-05-30,34.555,125.590625,3.475138888888889,18.268645833333338,22.272499999999997,36.91947916666667,23.503333333333337,0.5510416666666667,18.187604166666667,0.1324999999999999,0.0,0.0,0.0,0.2188541666666666,0.0873958333333333,32.291041666666665,56.32010416666666,0.6567708333333333,183.0184375,0.0945833333333333,0.0945833333333333,111.02958333333332,744.0177083333333,0.0,102.0
2023-05-31,21.65041666666667,79.78854166666666,2.7247463768115945,17.846666666666668,20.65625,35.062083333333334,22.69322916666667,0.4808333333333333,16.24625,0.1158333333333333,0.0,0.0,0.0,0.1920833333333333,0.0767708333333333,31.8084375,53.8515625,0.7096874999999999,225.03552083333332,0.0033333333333333,0.0033333333333333,133.730625,743.4988541666667,0.0,88.0
2023-06-01,25.54625,83.84458333333333,2.1552898550724637,13.970520833333332,15.7903125,30.315833333333337,22.813541666666666,0.48875,19.7703125,0.1173958333333333,0.0,0.0,0.0,0.1952083333333333,0.0779166666666666,32.535312499999996,48.02166666666667,0.9232291666666668,247.78104166666665,0.0025,0.0025,140.1603125,742.6316666666667,0.0,93.0
2023-06-02,29.452222222222225,85.70407407407407,23.048055555555557,14.449722222222222,25.469734848484848,26.85436507936508,23.256507936507937,0.4622348484848485,21.24309523809524,0.1101136363636363,0.0,0.0,0.0,0.2021428571428571,0.0802380952380952,33.39559523809524,45.96769841269842,0.8655555555555555,231.9222619047619,0.0,0.0,100.85674242424244,741.7119047619047,0.0,96.0
2023-06-03,32.53485294117647,140.40029411764706,2.1885069444444443,17.0340625,19.007604166666667,27.212395833333332,25.336250000000003,0.5291666666666667,19.681145833333332,0.1269791666666666,0.0,0.0,0.0,0.213125,0.0857291666666666,34.1778125,43.7640625,0.5858680555555555,193.66368055555552,0.0,0.0,131.8034375,742.1026041666668,0.0,112.0
2023-06-04,39.122083333333336,146.27916666666667,2.268368055555555,17.7190625,19.969166666666663,26.793958333333332,30.314618055555556,0.5590625,20.359479166666667,0.13375,0.0,0.0,0.0,0.2235416666666666,0.0898958333333333,32.873333333333335,47.00354166666667,0.6992708333333333,187.1534375,0.0012499999999999,0.0012499999999999,109.54770833333332,741.7233333333334,0.0,134.0
2023-06-05,33.5840625,101.68145833333334,2.3773263888888887,17.930416666666666,20.473125,26.405937500000004,26.507395833333337,0.5452083333333334,18.016562500000003,0.1309374999999999,0.0,0.0,0.0,0.2185416666666666,0.0879166666666666,32.54510416666667,50.461354166666666,0.5223958333333333,196.26572916666663,0.0179166666666666,0.0179166666666666,110.8690625,741.0280208333334,0.0,107.0
2023-06-06,41.83527777777778,127.4671875,5.2759375,24.744583333333335,31.520104166666663,36.3275,28.480763888888887,0.7289583333333334,17.549270833333335,0.1754166666666666,0.0,0.0,0.0,0.291875,0.1165625,31.808854166666663,57.97895833333333,0.463125,167.3503125,0.1545833333333333,0.1545833333333333,122.54770833333332,740.513125,0.0,117.0
2023-06-07,51.07458333333333,145.63864583333333,7.467083333333334,24.782916666666665,34.795520833333335,37.3025,28.344270833333336,0.7960416666666666,16.548020833333332,0.1916666666666666,0.0,0.0,0.0,0.3180208333333333,0.126875,33.970104166666665,48.3753125,0.5521874999999999,211.12520833333335,0.0,0.0,128.2815625,740.3586458333333,0.0,120.0
2023-06-08,48.63270833333333,144.74399305555556,3.361666666666667,21.0215625,24.8628125,32.488125000000004,41.4028125,0.620625,18.4125,0.14875,0.0,0.0,0.0,0.2469791666666666,0.0985416666666666,35.0,42.782916666666665,0.5694791666666666,188.74708333333336,0.0008333333333333,0.0008333333333333,139.39354166666666,740.0458333333332,0.0,139.0
2023-06-09,44.69208333333333,132.30781249999998,3.9423263888888886,21.572708333333335,25.818541666666665,42.26958333333334,38.06229166666667,0.6203125,15.749479166666667,0.1491666666666666,0.0,0.0,0.0,0.2469791666666666,0.0992708333333333,35.92614583333333,42.08833333333333,0.6060416666666667,207.02145833333336,0.0004166666666666,0.0004166666666666,129.54979166666666,738.094375,0.0,134.0
2023-06-10,40.23427083333333,120.965625,4.681215277777778,21.23625,27.1190625,36.5684375,33.46072916666667,0.6332291666666667,16.622916666666665,0.1521875,0.0,0.0,0.0,0.2516666666666666,0.1008333333333333,36.26708333333333,44.61604166666667,0.6028125,185.40677083333333,0.0033333333333333,0.0033333333333333,129.27572916666665,737.0223958333332,0.0,115.0
2023-06-11,45.18208333333333,166.44291666666666,4.364444444444445,16.422916666666666,22.118020833333333,32.0503125,35.938854166666665,0.5989583333333334,16.911041666666666,0.1440625,0.0,0.0,0.0,0.2394791666666666,0.0955208333333333,37.086666666666666,40.80916666666666,0.8465625,235.99395833333335,0.0,0.0,132.35697916666666,736.9343749999999,0.0,134.0
2023-06-12,50.7396875,188.2184375,4.306979166666667,12.482083333333334,18.166770833333334,31.540625,29.928541666666664,0.5172916666666666,17.862395833333334,0.124375,0.0,0.0,0.0,0.2055208333333333,0.0828125,37.5621875,42.05760416666667,0.7611458333333334,215.72989583333333,0.00125,0.00125,124.09614583333332,736.7726041666666,0.0,156.0
2023-06-13,46.874583333333334,167.7978125,4.362291666666667,16.856875,22.5815625,39.4559375,34.9290625,0.5492708333333333,15.366666666666667,0.1309375,0.0,0.0,0.0,0.2179166666666666,0.0877083333333333,38.14572916666667,41.27333333333333,0.7195833333333334,203.5153125,0.0,0.0,128.0103125,736.5458333333332,0.0,153.0
2023-06-14,28.60078947368421,120.09473684210528,4.1603819444444445,13.617604166666666,18.28930555555555,34.000729166666666,29.420104166666665,0.4665625,15.656666666666666,0.1118749999999999,0.0,0.0,0.0,0.1922916666666666,0.0779166666666666,38.18875,37.9246875,1.0039583333333333,233.24125,0.0004166666666666,0.0004166666666666,124.694375,737.1354166666666,0.0,128.0
2023-06-15,34.33166666666667,132.61652777777778,3.1030208333333333,11.801979166666667,15.731041666666668,33.553958333333334,31.590208333333333,0.4596875,31.68739583333333,0.1097916666666666,0.0,0.0,0.0,0.1836458333333333,0.0738541666666666,37.05072916666666,42.559375,1.102291666666667,250.17041666666668,0.00125,0.00125,126.4328125,738.0197916666666,0.0,119.0
2023-06-16,36.77875,113.3628125,2.0776041666666667,16.911875,19.320729166666663,42.3440625,35.694375,0.5157291666666667,44.01583333333334,0.12375,0.0,0.0,0.0,0.205,0.0822916666666666,36.394375,45.79677083333333,0.8728125000000001,243.899375,0.0,0.0,120.99541666666669,738.3204166666666,0.0,117.0
2023-06-17,30.811562499999997,93.750625,2.1389583333333335,17.7446875,20.133333333333333,36.705,28.327916666666667,0.4977083333333333,37.73854166666667,0.1196875,0.0,0.0,0.0,0.1989583333333333,0.0795833333333333,37.18302083333334,45.58822916666667,0.605625,198.5790625,0.0008333333333333,0.0008333333333333,131.0021875,738.5245833333333,0.0,97.0
2023-06-18,31.9390625,92.6946875,2.260173611111111,14.318854166666668,16.955729166666668,31.840416666666663,31.1040625,0.4741666666666667,34.19979166666666,0.1132291666666666,0.0,0.0,0.0,0.1884375,0.0760416666666666,37.0115625,45.88854166666667,0.8333333333333334,219.0485416666667,0.00125,0.00125,125.59708333333332,738.8314583333332,0.0,97.0
2023-06-19,23.175520833333337,72.68833333333333,1.9915625,12.186770833333334,14.61625,30.167604166666667,28.02916666666667,0.4296875,30.0675,0.1033333333333333,0.0,0.0,0.0,0.1714583333333333,0.068125,34.5928125,54.78875,0.911875,211.21927083333333,0.0008333333333333,0.0008333333333333,102.11239583333334,738.2832291666667,0.0,88.0
2023-06-20,24.101979166666663,51.49885416666667,1.9231597222222223,12.965833333333334,15.292743055555556,29.975277777777777,24.231180555555554,0.4323263888888888,24.460277777777776,0.1028124999999999,0.0,0.0,0.0,0.1716666666666666,0.0689583333333333,31.030416666666667,72.73986111111111,0.8796180555555555,173.92899305555557,0.0058333333333333,0.005625,58.47364583333333,737.6422569444444,0.0,73.0
2023-06-21,16.069125,26.666874999999997,1.795763888888889,12.907569444444446,14.909270833333332,27.522569444444443,22.5259375,0.4478125,18.983923611111113,0.10625,0.0,0.0,0.0,0.1795138888888889,0.0722222222222222,27.11645833333333,92.7312847222222,1.1131944444444446,182.8304861111111,0.3296874999999999,0.3296874999999999,14.595416666666669,737.4044791666666,0.0,67.0
2023-06-22,11.107083333333334,23.110208333333333,1.7923958333333332,13.734895833333333,15.8365625,28.5421875,23.040625,0.4869791666666667,30.319479166666667,0.1166666666666666,0.0,0.0,0.0,0.1932291666666666,0.0772916666666666,27.3003125,97.21958333333332,0.6731250000000001,178.01354166666667,0.3866666666666666,0.3866666666666666,23.158020833333335,738.1909375,0.0,60.0
2023-06-23,25.038854166666667,58.60520833333334,1.7019791666666668,14.265,16.021145833333332,29.274583333333336,23.932291666666668,0.5234375,70.46046296296296,0.1252083333333333,0.0,0.0,0.0,0.2089583333333333,0.0835416666666666,32.31135416666667,80.91541666666667,0.4178125,153.1009375,0.0083333333333333,0.0083333333333333,91.8209375,738.7726041666666,0.0,156.0
2023-06-24,34.984891304347826,68.6820652173913,2.048402777777778,9.8971875,12.319375,24.3221875,24.446458333333336,0.5035416666666667,0.0,0.1207291666666666,0.0,0.0,0.0,0.2015625,0.08125,33.272395833333334,76.2625,0.6102083333333334,153.40635416666666,0.0029166666666666,0.0029166666666666,104.12489583333333,738.4441666666667,0.0,92.0
2023-06-25,20.143645833333338,39.685833333333335,2.136215277777778,8.9921875,11.720729166666668,20.070104166666667,23.925416666666667,0.508125,103.79125,0.1215625,0.0,0.0,0.0,0.2026041666666666,0.08125,30.3921875,82.42552083333334,0.6594791666666667,163.59291666666667,0.1233333333333333,0.1233333333333333,90.55114583333334,739.0630208333333,0.0,220.0
2023-06-26,24.697916666666668,50.74625,1.836666666666667,10.7875,12.9653125,19.691666666666663,24.50916666666667,0.563125,50.6325,0.1354166666666666,0.0,0.0,0.0,0.2247916666666666,0.0899999999999999,32.233020833333335,77.37572916666666,0.6014583333333333,158.18895833333332,0.1378125,0.1378125,109.95333333333332,738.7682291666666,0.0,108.0
2023-06-27,20.44697916666667,55.39447916666666,1.66625,11.653854166666669,6.9578125,41.9521875,33.869772727272725,0.5098958333333333,0.0,0.1210416666666666,0.0,0.0,0.0,0.2033333333333333,0.0819791666666666,33.6278125,67.11489583333334,0.6964583333333333,92.9846875,0.0048958333333333,0.0048958333333333,115.061875,737.9291666666667,0.0,80.0
2023-06-28,15.058645833333332,44.6828125,7.234333333333334,18.062291666666667,15.512291666666668,65.31885416666667,30.92480769230769,0.5145833333333333,64.0885,0.123125,0.0,0.0,0.0,0.2046875,0.0816666666666666,30.383645833333333,78.2509375,0.8266666666666667,102.40614583333333,0.1666666666666666,0.1666666666666666,80.22260416666667,739.0969791666666,0.0,162.0
2023-06-29,22.344791666666666,47.423541666666665,11.534270833333332,7.924270833333334,24.60875,36.67166666666667,30.60229166666667,0.5144791666666667,5.4310256410256414,0.1235416666666666,0.0,0.0,0.0,0.2058333333333333,0.0826041666666666,29.032916666666665,89.02135416666665,0.6490625,120.86708333333333,0.03625,0.03625,52.30875,738.3359375,0.0,59.0
2023-06-30,13.571354166666666,37.675104166666664,12.010520833333333,6.500625,23.9428125,35.635625,30.566666666666663,0.5195833333333334,8.498958333333333,0.1248958333333333,0.0,0.0,0.0,0.2075,0.0838541666666666,28.399895833333332,93.36895833333334,0.4238541666666666,151.093125,0.3005208333333333,0.3005208333333333,43.7453125,737.5858333333334,0.0,48.0
2023-07-01,8.676875,30.980416666666667,12.009895833333331,6.533020833333333,23.9703125,31.450625,30.711250000000003,0.465,8.7340625,0.1113541666666666,0.0,0.0,0.0,0.1851041666666666,0.0740625,28.629895833333336,92.07135416666668,0.6316666666666667,170.265,0.2702083333333333,0.2702083333333333,57.540937500000005,738.1226041666667,0.0,53.0
2023-07-02,12.418125000000002,39.932916666666664,11.998854166666668,6.510625,23.933541666666667,30.586875000000003,31.36645833333333,0.5342708333333334,7.3940625,0.1280208333333333,0.0,0.0,0.0,0.2132291666666666,0.0855208333333333,30.350520833333334,88.05302083333333,0.4407291666666666,187.2440625,0.0216666666666666,0.0216666666666666,64.71177083333333,738.5019791666667,0.0,41.0
2023-07-03,14.6265625,47.603125,12.007916666666668,6.4852083333333335,23.914270833333333,29.861145833333335,31.97083333333333,0.5793750000000001,7.587708333333333,0.1395833333333333,0.0,0.0,0.0,0.2322916666666666,0.0929166666666666,31.9803125,83.15854166666666,0.4827083333333333,185.06885416666668,0.0029166666666666,0.0029166666666666,80.44677083333333,738.3517708333334,0.0,63.0
2023-07-04,12.310416666666669,38.041875,12.053958333333334,6.431145833333333,23.9396875,27.02010416666667,32.0953125,0.5119791666666667,8.924999999999999,0.1230208333333333,0.0,0.0,0.0,0.2051041666666666,0.0828125,30.417604166666667,85.473125,0.5069791666666666,105.0034375,0.0025,0.0025,56.04114583333333,737.866875,0.0,50.0
2023-07-05,30.67445652173913,58.15076086956522,7.353412698412699,8.64015873015873,18.557103174603174,28.7396875,26.216875,0.5411458333333333,12.339166666666666,0.1304166666666666,0.0,0.0,0.0,0.2171875,0.0878125,29.905416666666667,86.81625000000001,0.5557291666666667,105.37166666666668,0.0191666666666666,0.0191666666666666,70.00604166666666,737.8016666666667,0.0,66.0
2023-07-06,29.891875,59.04020833333333,2.3680208333333335,8.550833333333333,11.703020833333332,31.370208333333338,20.340729166666662,0.5119791666666667,14.282604166666664,0.1229166666666666,0.0,0.0,0.0,0.2044791666666666,0.0816666666666666,31.1675,84.77854166666667,0.6333333333333333,94.42666666666666,0.0016666666666666,0.0016666666666666,82.62270833333334,738.8545833333334,0.0,72.0
2023-07-07,23.261354166666667,55.91427083333334,2.439375,10.158645833333331,13.354479166666666,26.38927083333333,20.3075,0.4920833333333334,13.939270833333332,0.1179166666666666,0.0,0.0,0.0,0.1967708333333333,0.0791666666666666,31.023125000000004,82.87572916666666,0.6610416666666666,96.44979166666668,0.008125,0.008125,79.92375,739.0876041666667,0.0,76.0
2023-07-08,20.263478260869565,40.78967391304348,2.275625,7.903333333333333,10.950520833333334,23.355625,20.251458333333336,0.4388541666666667,15.09125,0.1030208333333333,0.0,0.0,0.0,0.1732291666666666,0.0703125,29.284375,90.8896875,0.7280208333333333,92.62666666666668,0.1736458333333333,0.1736458333333333,64.72739583333333,739.4273958333333,0.0,66.0
2023-07-09,17.0803125,38.481145833333336,2.363125,7.813958333333333,10.988958333333334,23.509375,20.485729166666665,0.4322916666666667,14.845416666666669,0.1036458333333333,0.0,0.0,0.0,0.1727083333333333,0.0697916666666666,30.8328125,85.48,0.5498958333333334,117.31364583333334,0.0913541666666666,0.0913541666666666,79.69041666666666,739.5464583333334,0.0,58.0
2023-07-10,13.063125,36.983125,2.5948958333333336,10.057083333333331,13.489791666666669,22.544583333333332,20.530625,0.4596874999999999,14.123333333333331,0.1108333333333333,0.0,0.0,0.0,0.1845833333333333,0.0736458333333333,30.55,88.31625000000001,0.4114583333333333,124.12885416666668,0.0141666666666666,0.0141666666666666,76.63072916666667,739.2023958333334,0.0,46.0
2023-07-11,9.73861111111111,36.124583333333334,11.638939393939394,23.20356060606061,10.333472222222222,30.777986111111108,20.88294871794872,0.3940384615384615,23.176858974358975,0.0964743589743589,0.0,0.0,0.0,0.1684615384615384,0.0675641025641025,33.9573717948718,74.62576923076924,0.5711538461538461,160.82826923076922,0.0009615384615384,0.0005208333333333,127.67115384615384,738.7170512820513,0.0,60.0
2023-07-12,10.239583333333334,38.83625,9.723194444444443,19.222083333333337,9.990263157894736,34.089305555555555,21.197777777777777,0.4032894736842105,30.903657407407405,0.0994736842105263,0.0,0.0,0.0,0.1780092592592592,0.07125,30.843101851851852,86.21680555555555,0.4475925925925926,126.54375,0.2199999999999999,0.1732291666666666,61.115526315789474,738.9552777777777,0.0,48.0
2023-07-13,12.777708333333337,40.896145833333335,2.5475,10.621979166666668,13.961354166666666,45.638749999999995,21.402604166666663,0.5042708333333333,9.945520833333331,0.1215625,0.0,0.0,0.0,0.2011458333333333,0.0801041666666666,28.241770833333337,95.1571875,0.4447916666666667,117.13229166666667,0.07125,0.07125,33.17479166666667,739.2673958333334,0.0,45.0
2023-07-14,32.25447916666666,62.218333333333334,2.603125,11.238541666666668,14.63125,40.425,21.45958333333333,0.5617708333333333,14.585416666666667,0.1348958333333333,0.0,0.0,0.0,0.2246875,0.09,29.991666666666664,92.0075,0.3971875,111.02572916666666,0.1588541666666666,0.1588541666666666,54.70989583333333,739.7287499999999,0.0,64.0
2023-07-15,18.338854166666668,46.8271875,2.8136458333333336,13.295,16.921666666666667,37.635416666666664,21.2996875,0.5705208333333334,11.355833333333337,0.1370833333333333,0.0,0.0,0.0,0.2279166666666666,0.0913541666666666,28.692916666666665,93.8390625,0.3809375,145.90739583333334,0.1053124999999999,0.1053124999999999,48.78958333333333,739.9211458333333,0.0,58.0
2023-07-16,26.279791666666668,59.09197916666667,2.8428125000000004,14.027604166666668,17.674479166666668,35.427708333333335,21.19697916666667,0.6446875,12.947395833333331,0.155,0.0,0.0,0.0,0.2569791666666667,0.1028124999999999,30.4753125,87.66968750000001,0.2555208333333333,129.73354166666667,0.0279166666666666,0.0279166666666666,64.07729166666667,739.4077083333333,0.0,50.0
2023-07-17,23.515520833333337,56.08958333333333,2.4214583333333333,9.992916666666668,13.1715625,30.724791666666665,21.269166666666667,0.5028125,16.088125,0.120625,0.0,0.0,0.0,0.2004166666666667,0.0796875,31.648645833333333,82.68604166666667,0.4894791666666667,109.360625,0.005,0.005,87.84041666666667,738.5796875,0.0,67.0
2023-07-18,22.3003125,52.62177083333333,2.3086458333333333,12.510416666666666,15.420729166666666,51.80800000000001,24.3640625,0.4617708333333333,12.217256944444443,0.1098958333333333,0.0,0.0,0.0,0.1834375,0.0732291666666666,31.54114583333333,81.05145833333334,0.7767708333333333,75.77802083333333,0.0033333333333333,0.0033333333333333,84.56916666666667,738.5388541666666,0.0,75.0
2023-07-19,17.2546875,51.9340625,2.5104166666666665,21.2003125,24.071354166666666,36.63291666666667,34.81333333333333,0.4984375,4.65275,0.1191666666666666,0.0,0.0,0.0,0.1979166666666666,0.07875,32.802708333333335,76.949375,0.7128125000000001,83.18239583333333,0.0008333333333333,0.0008333333333333,95.5615625,737.9623958333333,0.0,69.0
2023-07-20,17.966979166666665,54.0446875,2.4915625,22.9971875,25.778854166666665,23.634479166666665,37.252916666666664,0.5439583333333333,7.560624999999999,0.1311458333333333,0.0,0.0,0.0,0.2169791666666666,0.0870833333333333,34.0478125,72.66000000000001,0.6865625,78.15020833333334,0.0016666666666666,0.0016666666666666,106.02479166666669,737.8057291666668,0.0,75.0
2023-07-21,18.0609375,54.97875,2.197604166666667,19.043229166666663,21.541354166666665,19.87125,33.303125,0.5061458333333334,18.743333333333336,0.1208333333333333,0.0,0.0,0.0,0.2017708333333333,0.0812499999999999,33.853229166666665,72.09458333333333,0.8123958333333333,79.60104166666666,0.0020833333333333,0.0020833333333333,105.90510416666666,739.2701041666666,0.0,78.0
2023-07-22,16.359375,52.11447916666666,2.1371875,6.2778125,9.1775,15.345520833333332,21.5425,0.4235416666666666,20.565104166666668,0.1017708333333333,0.0,0.0,0.0,0.1694791666666666,0.0678125,32.49104166666667,74.37958333333333,1.1707291666666666,72.69791666666667,0.0,0.0,98.129375,741.0610416666667,0.0,82.0
2023-07-23,14.7471875,43.56854166666667,2.1848958333333335,6.176666666666667,9.1521875,11.722881944444444,21.530104166666664,0.41,19.619583333333335,0.0983333333333333,0.0,0.0,0.0,0.1636458333333333,0.0651041666666666,32.53145833333333,73.8996875,1.0607291666666667,73.38208333333334,0.0008333333333333,0.0008333333333333,99.57583333333334,740.835,0.0,76.0
2023-07-24,26.494375,61.609375,2.1978125,7.544583333333333,10.484270833333332,12.281458333333331,21.67385416666667,0.4410416666666666,22.82479166666667,0.1048958333333333,0.0,0.0,0.0,0.1751041666666666,0.0702083333333333,33.23645833333333,74.47645833333333,0.6803125,81.48260416666666,0.0020833333333333,0.0020833333333333,82.34510416666667,739.3789583333333,0.0,59.0
2023-07-25,33.32445652173913,67.6725,2.1921874999999997,8.943645833333333,11.816562500000002,11.586666666666666,21.479583333333338,0.4694791666666666,19.887916666666666,0.1122916666666666,0.0,0.0,0.0,0.1880208333333333,0.0757291666666666,32.224375,79.90770833333333,0.6270833333333333,96.48572916666666,0.00375,0.00375,78.9496875,740.0964583333333,0.0,76.0
2023-07-26,27.087604166666665,64.1653125,2.251979166666666,8.931354166666667,11.898020833333334,14.245937500000002,21.40552083333333,0.4645833333333333,22.572430555555556,0.1105208333333333,0.0,0.0,0.0,0.1846875,0.0742708333333333,32.97625,76.85958333333333,0.6667708333333334,119.8403125,0.0016666666666666,0.0016666666666666,98.2971875,740.6685416666666,0.0,73.0
2023-07-27,28.010208333333335,68.47802083333333,2.1480208333333333,9.062604166666668,11.866041666666668,14.212083333333332,21.511666666666667,0.4679166666666667,27.050416666666667,0.1120833333333333,0.0,0.0,0.0,0.1866666666666666,0.0753125,33.449895833333336,73.828125,0.6295833333333333,97.13614583333332,0.0,0.0,99.03572916666668,739.8040625,0.0,74.0
2023-07-28,29.31,70.55455882352942,6.886956521739131,20.33141304347826,21.99445652173913,14.285434782608696,21.635217391304348,0.4926086956521739,22.920760869565218,0.117391304347826,0.0,0.0,0.0,0.198695652173913,0.0796739130434782,32.78489130434782,76.23445652173913,0.5372826086956521,162.99576086956523,0.0142391304347826,0.0136458333333333,82.00358695652174,738.3786956521739,0.0,72.0
2023-07-29,18.406666666666663,49.46625,2.3165625000000003,11.18625,14.162291666666668,18.596770833333338,21.6828125,0.4735416666666667,17.539791666666666,0.1139583333333333,0.0,0.0,0.0,0.1895833333333333,0.0760416666666666,30.229479166666668,83.78750000000001,0.6910416666666667,223.0221875,0.0726041666666666,0.0726041666666666,73.85968749999999,738.7239583333334,0.0,56.0
2023-07-30,10.214479166666669,40.15083333333333,2.363541666666667,8.437604166666667,11.598229166666668,22.645972222222223,21.4790625,0.3988541666666667,17.0978125,0.0947916666666666,0.0,0.0,0.0,0.1578125,0.0636458333333333,30.775,81.80760416666666,0.7486458333333333,207.4153125,0.0245833333333333,0.0245833333333333,84.32135416666667,738.0988541666667,0.0,48.0
2023-07-31,13.925729166666663,45.77552083333333,2.339375,9.753229166666666,12.821770833333334,17.673437500000002,21.9025,0.4187499999999999,18.202395833333338,0.1005208333333333,0.0,0.0,0.0,0.1673958333333333,0.0673958333333333,31.0028125,82.60958333333333,0.6948958333333333,209.65208333333337,0.0170833333333333,0.0170833333333333,78.97239583333334,737.32,0.0,48.0
2022-01-01,101.17,192.15,13.06,17.31,35.88,27.91,5.52,1.18,10.26,0.01,0.0,0.0,0.0,0.03,0.0,14.28,80.64,0.37,175.39,0.0,0.0,83.03,0.0,0.0,172.0
2022-01-02,80.84,171.88,24.0,25.92,60.27,27.56,10.17,1.85,9.37,4.87,0.0,0.0,0.0,384.31,384.31,13.43,79.02,0.26,159.36,0.0,0.0,81.58,0.0,0.0,212.0
2022-01-03,102.05,219.46,28.67,31.71,72.7,26.49,14.12,2.02,25.78,2.45,0.0,0.0,0.0,336.44,336.0,13.77,79.39,0.29,151.53,0.0,0.0,82.81,0.0,0.0,214.0
2022-01-04,85.24,192.14,35.7,36.11,87.29,25.04,11.44,2.07,9.68,1.7,0.0,0.0,0.0,3.62,3.88,14.72,80.27,0.27,161.89,0.0,0.0,80.59,0.0,0.0,214.0
2022-01-05,91.56,198.31,37.34,26.1,80.09,24.98,11.26,2.41,6.78,1.71,0.0,0.0,0.0,3.1,4.12,14.97,84.47,0.42,97.54,0.0,0.08,57.45,0.0,0.0,236.0
2022-01-06,58.51,128.51,5.62,18.21,25.58,26.18,7.19,1.54,5.34,0.66,0.0,0.0,0.0,0.94,1.53,14.07,92.93,0.49,112.12,0.23,22.42,12.85,0.0,0.0,152.0
2022-01-07,64.58,114.14,5.64,11.36,19.22,26.0,5.87,1.05,5.96,0.51,0.0,0.0,0.0,0.57,1.12,16.1,92.6,0.48,96.1,0.0,0.44,37.24,0.0,0.0,136.0
2022-01-08,28.66,50.84,4.39,9.04,15.15,26.05,4.68,0.68,7.0,5.04,0.0,0.0,0.0,5.23,5.82,16.94,90.62,0.61,125.58,0.05,4.63,36.89,0.0,0.0,89.0
2022-01-09,39.26,65.96,4.93,10.07,16.94,26.01,5.04,0.73,6.45,0.22,0.0,0.0,0.0,0.31,1.1,15.94,93.8,0.41,131.62,0.06,5.57,27.73,0.0,0.0,78.0
2022-01-10,41.5,75.81,7.11,11.57,21.59,25.92,5.43,0.85,6.23,0.31,0.0,0.0,0.0,0.5,1.66,16.65,89.66,0.37,179.04,0.0,0.2,49.69,0.0,0.0,74.0
2022-01-11,55.47,122.85,10.15,11.39,25.9,24.04,6.22,0.95,10.87,0.42,0.0,0.0,0.0,0.47,1.53,15.65,86.47,0.33,189.08,0.01,0.59,60.48,0.0,0.0,102.0
2022-01-12,47.93,111.25,4.35,12.61,18.53,21.52,3.45,0.88,7.31,0.26,0.0,0.0,0.0,0.65,1.79,15.41,76.61,0.52,209.95,0.0,0.12,91.08,0.0,0.0,122.0
2022-01-13,59.83,128.21,7.71,14.39,25.2,22.67,3.43,1.04,9.24,0.44,0.0,0.0,0.0,0.65,1.92,13.91,77.13,0.36,171.31,0.0,0.0,96.37,0.0,0.0,124.0
2022-01-14,49.8,100.07,7.82,15.85,26.74,25.62,3.36,1.24,9.88,0.39,0.0,0.0,0.0,0.63,1.79,13.11,78.59,0.44,180.13,0.0,0.12,97.11,0.0,0.0,165.0
2022-01-15,68.53,134.33,3.97,12.0,17.38,25.55,3.43,1.0,11.94,0.27,0.0,0.0,0.0,0.24,0.79,10.96,83.13,0.51,193.99,0.0,0.0,67.83,0.0,0.0,126.0
2022-01-16,76.08,159.7,4.18,14.99,20.56,25.37,2.93,1.18,6.48,0.35,0.0,0.0,0.0,0.26,0.89,9.98,85.41,0.36,190.39,0.0,0.0,76.58,0.0,0.0,162.0
2022-01-17,73.37,143.75,2.04,8.32,10.99,25.08,1.76,1.03,7.83,0.26,0.0,0.0,0.0,0.1,0.54,9.64,82.1,0.48,211.77,0.0,0.08,68.84,0.0,0.0,165.0
2022-01-18,83.35,178.98,10.87,16.16,31.2,23.18,2.98,1.29,4.72,0.43,0.0,0.0,0.0,0.28,0.93,8.9,88.73,0.49,218.4,0.0,0.08,58.3,0.0,0.0,173.0
2022-01-19,85.49,168.25,5.72,10.99,18.98,20.5,2.46,1.35,8.05,0.28,0.0,0.0,0.0,0.14,0.82,10.06,81.41,0.4,186.39,0.0,0.12,60.18,0.0,0.0,170.0
2022-01-20,106.34,238.81,40.99,20.3,79.89,18.76,3.91,2.39,6.37,0.86,0.0,0.0,0.0,0.5,2.08,11.9,83.7,0.34,131.28,0.0,0.36,80.31,0.0,0.0,294.0
2022-01-21,107.67,246.76,26.9,24.93,63.59,19.78,5.29,2.7,15.64,0.47,0.0,0.0,0.0,0.53,2.36,13.91,82.5,0.33,127.4,0.0,0.44,83.33,0.0,0.0,184.0
2022-01-22,73.86,146.98,16.56,15.8,39.57,20.38,4.24,1.84,6.11,0.77,0.0,0.0,0.0,0.59,1.87,12.9,88.4,0.71,86.4,0.01,1.16,34.28,0.0,0.0,231.0
2022-01-23,68.06,144.37,4.44,10.46,16.59,20.87,4.06,1.19,6.27,0.26,0.0,0.0,0.0,0.11,0.67,14.65,90.45,0.54,128.11,0.0,0.04,18.38,0.0,0.0,124.0
2022-01-24,52.01,139.68,3.32,12.88,17.26,20.97,4.01,1.12,6.39,0.17,0.0,0.0,0.0,0.14,0.68,14.6,82.78,0.61,240.19,0.0,0.0,69.92,0.0,0.0,151.0
2022-01-25,65.4,136.35,6.19,14.5,23.05,22.48,5.08,0.95,16.11,0.22,0.0,0.0,0.0,0.1,0.62,13.3,75.34,0.46,192.03,0.0,0.0,104.66,0.0,0.0,148.0
2022-01-26,75.38,165.49,3.12,14.38,18.42,25.21,3.96,1.0,7.03,0.17,0.0,0.0,0.0,0.12,0.6,11.32,82.43,0.46,203.89,0.0,0.0,82.19,0.0,0.0,194.0
2022-01-27,77.61,192.83,16.21,23.2,46.17,24.64,5.4,1.38,6.93,0.24,0.0,0.0,0.0,0.13,0.86,11.79,83.81,0.42,193.62,0.0,0.36,88.03,0.0,0.0,222.0
2022-01-28,60.39,140.68,5.03,20.7,27.29,27.33,5.95,0.9,18.93,8.83,0.0,0.0,0.0,13.88,14.4,13.69,68.87,0.54,209.84,0.0,0.12,110.38,0.0,0.0,167.0
2022-01-29,56.79,151.54,8.82,29.37,41.21,29.17,4.22,0.98,9.88,0.21,0.0,0.0,0.0,0.13,0.59,13.99,69.61,0.39,191.66,0.0,0.0,105.27,0.0,0.0,156.0
2022-01-30,47.01,139.21,6.03,22.93,30.92,29.22,3.73,0.9,9.91,0.17,0.0,0.0,0.0,0.05,0.57,15.89,67.18,0.49,197.31,0.0,0.08,111.11,0.0,0.0,129.0
2022-01-31,91.44,206.05,15.93,24.86,47.36,29.18,4.71,1.69,6.35,0.31,0.0,0.0,0.0,0.26,1.19,13.88,82.59,0.37,110.57,0.0,0.0,92.58,0.0,0.0,233.0
2022-02-01,70.36,170.22,6.24,24.79,33.02,29.54,4.92,1.54,7.84,0.23,0.0,0.0,0.0,0.15,0.86,15.62,82.16,0.4,184.39,0.0,0.16,97.19,0.0,0.0,183.0
2022-02-02,85.07,198.82,4.25,23.95,27.58,27.55,5.46,1.48,20.79,0.28,0.0,0.0,0.0,0.12,0.72,15.05,80.22,0.45,163.63,0.0,0.08,101.86,0.0,0.0,189.0
2022-02-03,71.8,160.78,2.2,13.43,16.15,25.22,4.85,1.1,14.61,0.09,0.0,0.0,0.0,0.0,0.14,16.11,82.16,1.04,102.68,0.08,7.46,83.48,0.0,0.0,198.0
2022-02-04,44.35,99.93,3.45,17.25,21.66,25.23,4.5,0.89,7.42,0.08,0.0,0.0,0.0,0.03,0.36,14.57,86.28,0.57,190.12,0.0,0.36,80.65,0.0,0.0,118.0
2022-02-05,37.74,90.97,4.0,19.87,24.99,25.16,5.5,0.93,13.11,0.09,0.0,0.0,0.0,0.06,0.38,13.87,81.07,0.49,199.28,0.0,0.32,99.08,0.0,0.0,97.0
2022-02-06,66.41,172.46,10.38,26.99,41.23,24.92,5.16,1.27,9.86,0.17,0.0,0.0,0.0,0.09,0.49,13.39,81.31,0.28,138.06,0.0,0.43,103.42,0.0,0.0,115.0
2022-02-07,59.18,138.02,27.7,26.32,66.1,22.41,6.06,1.5,21.19,0.25,0.0,0.0,0.0,0.07,0.58,15.29,73.89,0.3,126.61,0.0,0.0,117.22,0.0,0.0,166.0
2022-02-08,58.98,124.41,8.12,23.08,34.14,19.48,5.41,1.1,14.98,0.13,0.0,0.0,0.0,0.07,0.6,17.82,70.7,0.42,97.42,0.0,0.12,110.25,0.0,0.0,157.0
2022-02-09,56.26,109.65,3.01,13.13,17.04,18.33,4.84,0.93,12.95,0.09,0.0,0.0,0.0,0.0,0.1,16.89,77.37,0.9,102.82,0.0,0.24,101.57,0.0,0.0,127.0
2022-02-10,40.85,89.92,3.51,16.08,20.62,18.28,4.7,0.7,10.19,0.06,0.0,0.0,0.0,0.01,0.19,16.06,74.26,0.71,236.73,0.0,0.32,124.26,0.0,0.0,80.0
2022-02-11,54.76,123.91,2.44,20.92,23.7,17.56,6.5,0.69,23.36,0.06,0.0,0.0,0.0,0.0,0.17,16.63,63.34,0.62,205.22,0.0,0.32,125.53,0.0,0.0,140.0
2022-02-12,60.19,140.61,6.3,25.97,34.24,16.31,6.23,0.79,15.46,0.07,0.0,0.0,0.0,0.0,0.21,16.52,59.51,0.51,193.87,0.0,0.0,131.45,0.0,0.0,108.0
2022-02-13,83.48,167.12,22.85,36.68,68.92,15.83,6.65,1.23,12.25,0.14,0.0,0.0,0.0,0.06,0.57,16.5,64.04,0.36,162.36,0.0,0.12,125.4,0.0,0.0,170.0
2022-02-14,112.65,208.39,64.51,43.5,136.84,14.51,6.97,2.51,11.75,0.33,0.0,0.0,0.0,0.07,1.33,16.87,69.68,0.32,149.12,0.0,0.28,111.55,0.0,0.0,225.0
2022-02-15,73.89,178.57,59.83,47.4,133.7,15.72,8.41,2.04,11.83,0.33,0.0,0.0,0.0,0.08,1.27,17.6,70.92,0.29,146.13,0.0,0.0,104.33,0.0,0.0,177.0
2022-02-16,41.32,132.2,23.06,37.11,69.62,17.63,6.53,0.63,12.05,0.24,0.0,0.0,0.0,0.0,0.48,18.47,66.48,0.38,187.25,0.0,0.0,121.09,0.0,0.0,137.0
2022-02-17,37.79,116.55,25.87,35.66,72.38,17.62,7.58,0.63,14.14,0.07,0.0,0.0,0.0,0.0,0.53,19.5,58.77,0.46,195.25,0.0,0.16,131.45,0.0,0.0,138.0
2022-02-18,56.03,127.34,40.26,36.4,94.29,17.0,7.37,0.86,10.11,0.18,0.0,0.0,0.0,0.01,0.53,19.74,57.65,0.37,174.62,0.0,0.12,129.48,0.0,0.0,131.0
2022-02-19,75.4,155.52,47.52,38.07,83.1,19.41,10.12,1.05,17.03,0.23,0.0,0.0,0.0,0.01,0.67,20.42,58.75,0.44,198.65,0.0,0.16,124.56,0.0,0.0,154.0
2022-02-20,48.67,103.61,5.73,21.65,29.24,22.5,8.37,0.51,10.92,0.06,0.0,0.0,0.0,0.0,0.13,19.32,58.66,0.54,195.18,0.0,0.0,131.58,0.0,0.0,95.0
2022-02-21,61.38,135.3,21.36,33.03,63.21,20.84,7.96,0.71,11.13,0.14,0.0,0.0,0.0,0.0,0.21,19.23,59.03,0.46,183.89,0.0,0.04,132.92,0.0,0.0,109.0
2022-02-22,52.35,106.44,29.41,24.29,66.67,17.02,7.53,0.6,8.87,0.07,0.0,0.0,0.0,0.0,0.19,20.13,58.91,0.73,85.7,0.0,0.12,131.51,0.0,0.0,155.0
2022-02-23,57.49,96.28,2.95,12.14,16.02,16.63,7.32,0.43,16.59,0.09,0.0,0.0,0.0,0.0,0.04,22.0,62.64,0.98,91.36,0.0,0.36,128.67,0.0,0.0,102.0
2022-02-24,60.61,103.07,3.18,15.27,19.35,16.7,6.96,0.46,14.69,0.07,0.0,0.0,0.0,0.0,0.12,22.48,63.78,0.69,109.91,0.01,0.6,114.71,0.0,0.0,150.0
2022-02-25,64.41,119.92,4.66,23.78,29.72,17.74,6.6,0.58,16.06,0.05,0.0,0.0,0.0,0.0,0.14,22.39,62.41,0.34,132.72,0.0,0.08,124.19,0.0,0.0,132.0
2022-02-26,55.73,103.37,3.46,20.09,24.4,19.27,6.32,0.49,12.41,0.08,0.0,0.0,0.0,0.0,0.08,21.73,60.55,0.9,87.93,0.0,0.0,127.94,0.0,0.0,124.0
2022-02-27,33.73,69.68,3.25,16.88,21.02,19.26,6.2,0.38,9.49,0.07,0.0,0.0,0.0,0.0,0.02,21.92,59.18,0.62,148.31,0.0,0.0,132.32,0.0,0.0,76.0
2022-02-28,31.68,73.83,3.15,16.69,20.68,18.34,7.04,0.38,13.08,0.06,0.0,0.0,0.0,0.0,0.05,20.47,54.3,0.66,216.4,0.0,0.0,153.09,0.0,0.0,69.0
2022-03-01,66.89,128.18,6.44,34.93,43.06,15.7,9.72,0.61,12.34,0.11,0.0,0.0,0.0,0.0,0.14,20.24,56.36,0.42,174.46,0.0,0.16,140.97,0.0,0.0,95.0
2022-03-02,85.17,159.41,10.27,37.36,51.04,17.01,11.81,0.81,12.33,0.05,0.0,0.0,0.0,0.0,0.28,21.04,58.25,0.37,173.41,0.0,0.4,138.15,0.0,0.0,129.0
2022-03-03,77.49,183.83,24.07,43.13,75.32,19.73,8.69,0.97,10.99,0.24,0.0,0.0,0.0,0.0,0.43,21.77,58.97,0.36,161.36,0.0,0.0,127.93,0.0,0.0,158.0
2022-03-04,52.91,136.09,15.41,34.28,55.65,20.82,7.49,0.75,11.71,0.15,0.0,0.0,0.0,0.0,0.23,24.12,53.63,0.5,195.34,0.0,0.12,140.01,0.0,0.0,161.0
2022-03-05,37.54,94.92,2.79,14.86,18.38,18.71,8.41,0.39,19.66,0.03,0.0,0.0,0.0,0.0,0.05,22.32,58.97,0.83,230.71,0.0,0.0,150.62,0.0,0.0,103.0
2022-03-06,53.42,125.19,6.97,29.1,38.23,16.57,7.32,0.59,11.79,0.08,0.0,0.0,0.0,0.0,0.07,21.95,59.37,0.38,163.85,0.0,0.12,144.63,0.0,0.0,114.0
2022-03-07,61.06,135.14,13.66,32.01,50.89,16.54,7.69,0.78,9.04,0.11,0.0,0.0,0.0,0.0,0.11,22.81,58.89,0.37,149.03,0.0,0.08,129.94,0.0,0.0,171.0
2022-03-08,61.09,131.07,3.28,24.76,28.63,16.79,8.02,0.62,12.74,0.08,0.0,0.0,0.0,0.0,0.05,23.23,57.0,0.44,202.9,0.0,0.0,141.0,0.0,0.0,144.0
2022-03-09,62.68,142.98,3.41,24.76,28.82,16.82,10.07,0.64,12.73,0.08,0.0,0.0,0.0,0.0,0.07,24.66,52.69,0.53,195.16,0.0,0.0,145.27,0.0,0.0,117.0
2022-03-10,44.87,130.33,4.9,24.55,30.81,16.73,9.86,0.54,10.6,0.1,0.0,0.0,0.0,0.0,0.08,24.11,54.47,0.54,211.8,0.0,0.12,94.84,0.0,0.0,99.0
2022-03-11,53.43,139.13,6.98,24.76,34.08,16.72,10.75,0.59,12.89,0.08,0.0,0.0,0.0,0.0,0.11,24.2,53.99,0.59,215.31,0.0,0.32,147.74,0.0,0.0,127.0
2022-03-12,50.28,139.54,5.77,24.0,31.56,16.58,11.04,0.57,12.29,0.05,0.0,0.0,0.0,0.0,0.06,24.14,53.8,0.52,187.62,0.0,0.2,153.52,0.0,0.0,117.0
2022-03-13,56.86,148.97,8.34,32.42,43.45,16.58,9.05,0.66,13.1,0.08,0.0,0.0,0.0,0.0,0.09,24.87,54.05,0.47,174.58,0.0,0.0,147.87,0.0,0.0,151.0
2022-03-14,66.14,170.72,27.7,33.01,72.53,16.03,9.43,0.89,9.72,0.1,0.0,0.0,0.0,0.0,0.21,27.15,50.12,0.46,163.65,0.0,0.12,149.06,0.0,0.0,158.0
2022-03-15,94.24,218.46,32.72,33.66,80.55,15.2,11.47,1.21,16.25,0.11,0.0,0.0,0.0,0.0,0.28,27.62,58.99,0.42,172.09,0.0,0.04,136.14,0.0,0.0,186.0
2022-03-16,69.05,176.83,10.98,29.68,44.69,14.95,9.38,0.9,16.69,0.04,0.0,0.0,0.0,0.0,0.06,28.71,58.42,0.49,181.92,0.0,0.0,143.32,0.0,0.0,154.0
2022-03-17,66.74,147.13,9.25,26.55,39.13,15.17,7.69,0.71,21.84,0.0,0.0,0.0,0.0,0.0,0.0,29.48,58.16,0.57,104.64,0.0,0.44,132.75,0.0,0.0,172.0
2022-03-18,79.66,143.32,3.74,17.68,22.49,15.31,7.98,0.84,26.39,0.0,0.0,0.0,0.0,0.0,0.0,29.59,56.11,0.58,108.92,0.0,0.0,135.91,0.0,0.0,184.0
2022-03-19,65.21,134.76,3.41,15.42,19.85,17.56,8.17,0.68,19.57,0.03,0.0,0.0,0.0,0.0,0.0,30.1,57.12,0.41,152.39,0.0,0.0,131.16,0.0,0.0,129.0
2022-03-20,64.5,131.74,5.51,24.97,32.11,19.59,8.06,0.78,17.94,0.06,0.0,0.0,0.0,0.0,0.02,30.15,56.16,0.38,140.1,0.0,0.0,145.37,0.0,0.0,128.0
2022-03-21,52.82,146.71,4.81,21.71,27.95,19.84,9.28,0.56,21.33,0.04,0.0,0.0,0.0,0.0,0.0,30.74,41.84,0.51,195.01,0.0,0.2,161.55,0.0,0.0,124.0
2022-03-22,55.53,158.72,6.24,23.0,31.3,20.13,9.45,0.58,10.26,0.05,0.0,0.0,0.0,0.0,0.03,29.81,40.75,0.58,199.76,0.0,0.12,164.78,0.0,0.0,118.0
2022-03-23,57.82,145.54,5.96,31.39,38.96,19.75,18.21,0.65,16.25,0.1,0.0,0.0,0.0,0.0,0.03,29.16,39.88,0.46,182.15,0.0,0.2,163.91,0.0,0.0,133.0
2022-03-24,65.19,156.79,9.46,37.36,49.83,19.88,26.22,0.83,19.16,0.1,0.0,0.0,0.0,0.0,0.05,29.49,42.8,0.42,169.45,0.0,0.12,146.39,0.0,0.0,144.0
2022-03-25,53.93,147.02,4.91,33.02,38.96,19.8,25.21,0.69,23.68,0.1,0.0,0.0,0.0,0.0,0.04,30.4,36.28,0.61,209.5,0.0,0.0,162.09,0.0,0.0,127.0
2022-03-26,51.02,155.58,3.49,28.48,32.52,19.83,35.45,0.55,27.12,0.03,0.0,0.0,0.0,0.0,0.0,29.15,37.44,0.7,209.52,0.0,0.47,164.53,0.0,0.0,113.0
2022-03-27,45.85,133.76,7.95,23.14,33.94,19.59,17.0,0.56,26.33,0.07,0.0,0.0,0.0,0.0,0.04,29.85,32.05,0.63,202.67,0.0,0.0,170.3,0.0,0.0,113.0
2022-03-28,60.87,167.76,23.96,40.15,73.87,19.34,28.1,0.85,18.86,0.05,0.0,0.0,0.0,0.0,0.05,30.38,32.45,0.44,182.9,0.0,0.43,171.31,0.0,0.0,160.0
2022-03-29,61.63,155.1,18.59,37.11,63.06,19.51,26.63,0.79,14.4,0.07,0.0,0.0,0.0,0.0,0.11,31.09,29.4,0.55,190.72,0.0,0.28,170.92,0.0,0.0,147.0
2022-03-30,68.61,170.58,47.14,28.46,96.79,19.2,10.48,0.95,6.16,0.11,0.0,0.0,0.0,0.0,0.24,32.18,32.81,0.44,160.89,0.0,0.08,169.45,0.0,0.0,158.0
2022-03-31,62.6,139.2,5.33,18.4,25.53,20.27,9.72,0.62,12.43,0.05,0.0,0.0,0.0,0.0,0.1,32.54,42.35,0.45,122.98,0.0,0.28,159.8,0.0,0.0,139.0
2022-04-01,63.94,149.69,3.06,18.49,22.28,18.78,10.34,0.62,20.11,0.11,0.0,0.0,0.0,0.0,0.07,32.22,41.7,0.54,170.28,0.0,0.47,155.14,0.0,0.0,160.0
2022-04-02,50.0,131.72,3.85,24.84,29.55,14.95,10.18,0.59,13.75,0.05,0.0,0.0,0.0,0.0,0.14,30.61,30.43,0.5,192.45,0.0,0.28,179.72,0.0,0.0,121.0
2022-04-03,54.87,143.86,22.23,39.85,71.05,14.43,10.0,0.87,7.65,0.15,0.0,0.0,0.0,0.0,0.0,31.3,31.11,0.36,143.62,0.0,0.19,175.64,0.0,0.0,139.0
2022-04-04,59.6,174.34,31.76,37.67,82.99,14.42,13.51,0.95,6.86,0.0,0.0,0.0,0.0,0.0,0.0,31.85,25.48,0.5,198.98,0.0,0.0,181.2,0.0,0.0,151.0
2022-04-05,56.97,150.78,9.96,37.19,50.42,15.59,15.68,0.81,8.36,0.0,0.0,0.0,0.0,0.0,0.0,31.62,26.56,0.44,186.45,0.0,0.0,173.32,0.0,0.0,128.0
2022-04-06,46.03,126.69,9.66,41.57,54.18,15.75,10.86,0.77,9.41,0.0,0.0,0.0,0.0,0.0,0.0,32.06,26.64,0.48,180.33,0.0,0.08,181.18,0.0,0.0,105.0
2022-04-07,61.91,164.27,73.43,43.79,150.25,13.95,13.47,1.14,14.86,9.42,0.0,0.0,0.0,351.52,351.52,31.93,30.73,0.42,153.85,0.0,0.07,177.86,0.0,0.0,123.0
2022-04-08,53.23,146.64,36.88,34.18,87.17,15.68,15.91,0.95,9.37,0.0,0.0,0.0,0.0,0.0,0.0,33.02,24.99,0.53,189.51,0.0,0.24,185.85,0.0,0.0,135.0
2022-04-09,65.0,167.05,62.5,41.97,132.41,16.05,13.13,1.12,6.93,0.0,0.0,0.0,0.0,0.0,0.0,33.39,27.96,0.47,162.43,0.0,0.36,183.16,0.0,0.0,135.0
2022-04-10,66.31,173.78,39.89,37.56,94.86,16.74,13.72,1.14,10.92,0.0,0.0,0.0,0.0,0.0,0.0,33.3,29.92,0.58,168.34,0.0,0.0,171.54,0.0,0.0,144.0
2022-04-11,57.52,158.6,20.81,34.67,63.98,17.19,11.69,0.92,11.42,0.0,0.0,0.0,0.0,0.0,0.0,33.77,32.39,0.52,169.14,0.01,1.0,172.35,0.0,0.0,130.0
2022-04-12,63.93,166.56,36.12,27.97,80.08,16.91,11.57,1.02,13.02,0.0,0.0,0.0,0.0,0.0,0.0,33.09,42.85,0.56,110.69,0.0,0.2,155.53,0.0,0.0,139.0
2022-04-13,49.74,128.17,4.04,17.61,22.88,16.64,10.98,0.49,17.17,0.0,0.0,0.0,0.0,0.0,0.0,33.35,45.16,0.58,149.27,0.0,0.44,140.55,0.0,0.0,123.0
2022-04-14,47.96,167.42,12.33,29.76,46.77,15.35,13.07,0.61,10.34,0.0,0.0,0.0,0.0,0.0,0.0,32.85,26.12,0.53,181.76,0.0,0.0,179.29,0.0,0.0,122.0
2022-04-15,45.99,161.63,17.38,26.45,51.02,15.21,13.54,0.71,11.45,0.0,0.0,0.0,0.0,0.0,0.0,33.79,28.45,0.56,176.25,0.0,0.0,173.23,0.0,0.0,148.0
2022-04-16,40.54,150.3,9.36,30.48,43.07,16.03,11.6,0.59,12.73,0.0,0.0,0.0,0.0,0.0,0.0,34.04,27.72,0.45,168.59,0.0,0.2,170.42,0.0,0.0,128.0
2022-04-17,41.14,131.67,9.6,32.0,44.89,17.32,10.89,0.61,10.85,0.0,0.0,0.0,0.0,0.0,0.0,33.83,29.07,0.44,153.31,0.0,0.12,190.63,0.0,0.0,127.0
2022-04-18,42.35,134.61,16.14,37.03,59.37,16.33,11.36,0.63,12.08,0.0,0.0,0.0,0.0,0.0,0.0,34.86,26.69,0.46,165.03,0.0,0.0,182.94,0.0,0.0,130.0
2022-04-19,71.73,199.87,16.48,42.95,65.56,15.55,17.58,1.01,12.95,0.0,0.0,0.0,0.0,0.0,0.0,34.76,32.23,0.4,169.01,0.0,0.08,164.49,0.0,0.0,144.0
2022-04-20,51.97,173.68,11.2,33.44,48.65,15.65,16.2,0.72,10.29,0.0,0.0,0.0,0.0,0.0,0.0,35.3,26.12,0.59,190.74,0.0,0.0,179.88,0.0,0.0,150.0
2022-04-21,47.36,150.73,3.16,14.74,18.82,15.81,11.9,0.38,19.41,0.0,0.0,0.0,0.0,0.0,0.0,33.01,41.81,1.05,170.61,0.0,0.32,164.46,0.0,0.0,115.0
2022-04-22,44.95,138.25,3.59,15.25,19.95,15.29,11.83,0.35,17.91,0.0,0.0,0.0,0.0,0.0,0.0,33.57,31.82,0.58,166.15,0.0,0.12,184.64,0.0,0.0,147.0
2022-04-23,50.42,138.21,13.03,27.32,45.44,14.66,13.57,0.65,12.4,0.0,0.0,0.0,0.0,0.0,0.0,34.32,29.55,0.6,192.18,0.0,0.0,189.2,0.0,0.0,124.0
2022-04-24,46.53,150.9,5.23,26.93,33.58,14.73,14.53,0.48,14.95,0.0,0.0,0.0,0.0,0.0,0.0,33.43,25.25,0.59,186.83,0.0,0.16,189.95,0.0,0.0,122.0
2022-04-25,52.37,149.92,9.36,31.71,44.26,14.55,15.91,0.61,18.99,0.06,0.0,0.0,0.0,0.1,0.04,34.41,24.83,0.5,170.83,0.0,0.09,194.51,0.0,0.0,138.0
2022-04-26,63.52,184.33,16.58,30.32,53.57,14.48,14.0,0.78,9.17,0.19,0.0,0.0,0.0,0.31,0.12,34.54,28.0,0.49,171.62,0.0,0.12,181.45,0.0,0.0,155.0
2022-04-27,57.86,147.33,22.25,30.74,62.32,14.42,14.72,0.82,10.53,0.2,0.0,0.0,0.0,0.33,0.13,35.04,27.75,0.48,173.42,0.0,0.12,191.82,0.0,0.0,153.0
2022-04-28,68.33,144.76,21.22,40.42,70.1,15.61,13.39,0.85,26.88,0.2,0.0,0.0,0.0,0.34,0.14,35.15,29.08,0.38,139.95,0.0,0.12,188.76,0.0,0.0,135.0
2022-04-29,67.63,162.82,28.1,40.5,80.33,16.88,15.29,0.99,21.76,0.24,0.0,0.0,0.0,0.4,0.16,35.93,28.36,0.53,172.84,0.0,0.08,180.02,0.0,0.0,159.0
2022-04-30,71.21,175.48,4.28,29.83,34.98,17.44,13.98,0.82,25.5,0.2,0.0,0.0,0.0,0.33,0.13,36.13,31.24,0.57,158.39,0.0,0.12,166.01,0.0,0.0,147.0
2022-05-01,48.32,149.12,2.03,8.32,10.98,17.36,12.3,0.37,27.11,0.09,0.0,0.0,0.0,0.15,0.06,32.83,48.79,1.02,99.8,0.0,0.12,173.42,0.0,0.0,110.0
2022-05-02,43.83,122.55,2.0,8.03,10.67,17.33,11.67,0.36,26.51,0.09,0.0,0.0,0.0,0.14,0.06,33.76,47.87,0.9,112.88,0.01,1.12,155.94,0.0,0.0,148.0
2022-05-03,38.04,93.25,1.89,6.85,9.37,17.32,11.85,0.36,27.14,0.09,0.0,0.0,0.0,0.14,0.06,33.48,49.39,0.96,101.42,0.01,0.87,173.38,0.0,0.0,100.0
2022-05-04,37.21,90.12,3.58,11.36,16.19,17.35,11.65,0.37,21.22,0.09,0.0,0.0,0.0,0.15,0.06,32.52,55.24,0.9,123.01,0.06,6.11,176.84,0.0,0.0,83.0
2022-05-05,27.25,62.56,2.57,16.83,19.96,15.32,11.37,0.31,18.31,0.07,0.0,0.0,0.0,0.12,0.05,31.27,50.78,0.65,148.24,0.0,0.44,188.74,0.0,0.0,101.0
2022-05-06,37.5,86.45,2.5,17.74,20.73,12.25,11.83,0.4,19.38,0.1,0.0,0.0,0.0,0.16,0.06,33.41,43.5,0.58,166.55,0.0,0.24,196.4,741.89,0.0,97.0
2022-05-07,48.95,100.98,2.33,13.97,16.86,14.28,11.94,0.45,21.81,0.11,0.0,0.0,0.0,0.18,0.07,33.75,47.69,0.53,127.44,0.0,0.24,175.79,742.6,0.0,152.0
2022-05-08,42.49,74.66,1.91,7.9,10.41,15.63,12.12,0.39,32.59,0.09,0.0,0.0,0.0,0.16,0.06,33.78,49.96,0.89,93.92,0.0,0.0,184.97,741.46,0.0,120.0
2022-05-09,37.39,64.79,1.94,8.53,11.06,15.6,12.14,0.36,25.63,0.09,0.0,0.0,0.0,0.14,0.06,33.44,51.22,0.77,92.46,0.0,0.44,182.51,741.24,0.0,91.0
2022-05-10,36.09,65.3,1.87,7.16,9.64,15.6,12.26,0.36,23.56,0.09,0.0,0.0,0.0,0.14,0.06,34.64,49.75,0.77,97.59,0.0,0.24,172.58,741.07,0.0,90.0
2022-05-11,29.93,58.03,2.01,7.99,10.65,12.06,12.22,0.33,30.89,0.08,0.0,0.0,0.0,0.13,0.05,34.43,49.28,0.69,117.35,0.0,0.4,175.78,740.03,0.0,73.0
2022-05-12,35.24,76.24,2.02,8.39,11.03,12.18,12.71,0.37,23.88,0.09,0.0,0.0,0.0,0.15,0.06,35.29,49.27,0.71,111.62,0.0,0.08,180.4,739.07,0.0,83.0
2022-05-13,37.89,103.98,4.6,13.72,19.95,12.06,13.05,0.46,26.23,0.11,0.0,0.0,0.0,0.18,0.07,36.14,45.95,0.8,162.58,0.0,0.16,195.18,736.53,0.0,93.0
2022-05-14,54.77,152.7,18.04,28.57,54.03,12.72,14.3,0.88,33.72,0.21,0.0,0.0,0.0,0.35,0.14,37.08,40.61,0.48,148.22,0.0,0.12,188.89,736.75,0.0,149.0
2022-05-15,45.33,104.81,3.24,11.72,16.03,14.25,14.17,0.56,15.08,0.13,0.0,0.0,0.0,0.22,0.09,36.81,50.3,0.57,122.26,0.0,0.4,188.77,738.18,0.0,131.0
2022-05-16,56.76,161.77,5.82,16.25,24.2,14.07,14.06,0.67,12.83,0.16,0.0,0.0,0.0,0.27,0.11,36.47,43.94,0.49,138.98,0.0,0.0,147.52,738.12,0.0,144.0
2022-05-17,59.16,186.68,8.22,20.56,31.88,14.0,13.46,0.69,16.28,0.17,0.0,0.0,0.0,0.28,0.11,35.88,37.14,0.6,181.19,0.0,0.12,199.6,738.27,0.0,201.0
2022-05-18,54.02,170.58,3.62,16.2,20.9,14.19,13.94,0.54,11.7,0.13,0.0,0.0,0.0,0.22,0.09,36.22,39.88,0.53,140.61,0.0,0.3,151.57,739.57,0.0,151.0
2022-05-19,44.09,145.85,4.24,27.69,32.28,14.27,17.42,0.54,27.07,0.13,0.0,0.0,0.0,0.22,0.09,39.93,27.49,0.5,170.6,0.0,0.13,229.1,738.61,0.0,139.0
2022-05-20,59.8,177.51,6.46,33.21,41.44,14.11,17.94,0.74,25.97,0.18,0.0,0.0,0.0,0.3,0.12,37.4,33.43,0.51,141.67,0.0,0.18,173.52,737.44,0.0,146.0
2022-05-21,40.47,134.6,4.01,13.65,19.03,15.46,14.99,0.36,20.18,0.09,0.0,0.0,0.0,0.15,0.06,34.9,41.57,0.82,162.43,0.07,6.27,134.48,736.33,0.0,119.0
2022-05-22,28.13,77.05,4.15,14.08,19.65,16.57,13.99,0.26,21.18,0.06,0.0,0.0,0.0,0.1,0.04,32.48,49.38,0.91,129.79,0.0,0.36,180.55,735.69,0.0,100.0
2022-05-23,21.84,61.21,3.84,11.36,16.56,16.64,14.06,0.26,18.2,0.06,0.0,0.0,0.0,0.1,0.04,29.36,58.18,1.07,144.57,0.01,0.96,185.42,737.89,0.0,79.0
2022-05-24,25.02,54.09,3.74,13.06,18.06,13.41,13.56,0.3,24.22,0.07,0.0,0.0,0.0,0.12,0.05,32.6,49.26,0.65,131.18,0.0,0.08,250.06,742.37,0.0,65.0
2022-05-25,41.17,93.78,5.74,17.94,25.71,15.37,13.6,0.39,15.65,0.09,0.0,0.0,0.0,0.16,0.06,30.34,54.17,0.46,151.46,0.01,0.48,162.07,742.38,0.0,70.0
2022-05-26,63.92,167.14,6.72,24.19,33.14,18.43,14.91,0.51,20.87,0.12,0.0,0.0,0.0,0.2,0.08,33.42,43.57,0.44,143.79,0.0,0.08,182.81,740.55,0.0,135.0
2022-05-27,63.15,174.27,5.01,20.73,27.3,18.51,16.12,0.39,20.37,0.09,0.0,0.0,0.0,0.16,0.06,34.77,42.44,0.59,187.7,0.0,0.04,187.39,738.68,0.0,148.0
2022-05-28,50.73,142.38,3.85,16.4,21.45,18.48,15.46,0.31,17.95,0.07,0.0,0.0,0.0,0.12,0.05,35.11,43.36,0.6,188.92,0.01,1.08,171.16,737.79,0.0,98.0
2022-05-29,68.25,187.94,4.4,16.35,22.2,18.63,15.7,0.37,26.35,0.09,0.0,0.0,0.0,0.15,0.06,35.4,47.07,0.73,145.08,0.0,0.12,157.41,737.72,0.0,158.0
2022-05-30,62.12,162.83,3.6,15.6,20.3,13.66,15.73,0.37,27.88,0.09,0.0,0.0,0.0,0.15,0.06,35.11,49.81,0.64,117.97,0.0,0.12,173.28,738.6,0.0,122.0
2022-05-31,86.18,225.48,4.67,24.22,30.16,10.85,25.21,0.51,27.27,0.12,0.0,0.0,0.0,0.21,0.08,36.72,41.73,0.56,145.66,0.01,0.56,176.23,738.06,0.0,189.0
2022-06-01,86.59,232.88,3.98,27.88,32.65,10.76,19.67,0.61,27.89,0.15,0.0,0.0,0.0,0.24,0.1,36.52,39.3,0.52,164.07,0.0,0.44,192.12,738.44,0.0,198.0
2022-06-02,96.43,217.28,8.23,37.38,48.05,11.85,21.5,0.73,28.78,0.18,0.0,0.0,0.0,0.29,0.12,36.3,34.54,0.55,163.45,0.01,0.56,188.51,738.35,0.0,187.0
2022-06-03,91.56,249.58,8.86,40.28,51.77,6.92,23.94,0.74,29.87,0.18,0.0,0.0,0.0,0.3,0.12,36.35,33.13,0.34,159.77,0.0,0.44,153.57,737.78,0.0,183.0
2022-06-04,79.41,231.05,8.89,36.88,48.54,6.39,21.48,0.65,37.23,0.16,0.0,0.0,0.0,0.26,0.1,37.08,28.82,0.41,159.25,0.0,0.08,182.14,737.9,0.0,185.0
2022-06-05,89.45,210.02,12.05,40.82,56.98,6.69,24.45,0.69,41.16,0.17,0.0,0.0,0.0,0.28,0.11,36.94,28.87,0.38,160.42,0.01,1.0,177.21,738.27,0.0,147.0
2022-06-06,70.13,202.72,7.29,37.63,46.9,7.38,18.89,0.74,19.44,0.18,0.0,0.0,0.0,0.3,0.12,37.39,29.43,0.47,170.99,0.0,0.08,195.4,737.94,0.0,156.0
2022-06-07,75.39,233.68,5.65,27.42,34.67,5.39,10.51,0.52,17.84,0.12,0.0,0.0,0.0,0.21,0.08,37.27,30.68,0.63,195.4,0.0,0.2,183.93,737.29,0.0,155.0
2022-06-08,111.26,391.1,7.46,28.38,38.26,5.22,15.43,0.55,18.3,0.13,0.0,0.0,0.0,0.22,0.09,36.85,33.7,0.71,170.55,0.01,1.36,175.32,737.25,0.0,239.0
2022-06-09,73.23,212.66,10.19,30.64,44.46,5.77,9.87,0.53,14.68,0.13,0.0,0.0,0.0,0.21,0.08,37.46,29.96,0.54,182.69,0.0,0.2,194.51,736.84,0.0,204.0
2022-06-10,94.4,215.69,13.9,29.4,48.72,6.04,17.43,0.65,19.16,0.16,0.0,0.0,0.0,0.26,0.1,37.44,38.24,0.51,153.49,0.01,0.9,174.5,737.0,0.0,172.0
2022-06-11,96.39,252.68,7.83,32.34,42.62,7.49,15.1,0.57,14.6,0.14,0.0,0.0,0.0,0.23,0.09,37.89,34.75,0.62,176.99,0.0,0.08,177.89,737.34,0.0,180.0
2022-06-12,68.55,181.12,8.91,27.19,39.25,6.56,13.24,0.48,15.69,0.12,0.0,0.0,0.0,0.19,0.08,38.05,31.48,0.63,189.69,0.0,0.4,193.06,738.25,0.0,151.0
2022-06-13,80.21,183.32,5.92,29.65,37.22,7.09,20.64,0.54,16.54,0.13,0.0,0.0,0.0,0.21,0.09,38.46,33.86,0.61,180.7,0.0,0.2,178.04,739.18,0.0,143.0
2022-06-14,64.08,154.67,4.17,19.35,24.75,5.32,19.39,0.37,18.09,0.09,0.0,0.0,0.0,0.15,0.06,38.48,36.07,0.76,218.86,0.0,0.16,173.69,738.8,0.0,114.0
2022-06-15,63.99,157.81,4.16,16.06,21.56,4.97,12.68,0.35,17.83,0.08,0.0,0.0,0.0,0.14,0.06,37.95,39.42,0.81,225.5,0.01,1.16,161.19,738.13,0.0,125.0
2022-06-16,37.35,89.75,3.45,11.24,15.9,5.09,6.66,0.21,23.63,0.05,0.0,0.0,0.0,0.09,0.03,32.92,57.04,1.0,203.73,0.01,0.6,88.59,739.14,0.0,72.0
2022-06-17,34.06,75.94,3.68,12.43,17.36,5.88,6.44,0.23,21.04,0.05,0.0,0.0,0.0,0.09,0.04,34.62,52.14,0.64,205.49,0.01,0.57,169.33,739.28,0.0,75.0
2022-06-18,33.64,94.08,3.6,13.0,17.78,6.07,7.54,0.26,21.85,0.06,0.0,0.0,0.0,0.11,0.04,33.5,53.54,0.65,222.53,0.0,0.28,126.21,739.79,0.0,80.0
2022-06-19,30.73,74.23,3.27,10.02,14.45,5.59,6.48,0.22,23.45,0.05,0.0,0.0,0.0,0.09,0.04,33.45,54.43,0.88,234.65,0.0,0.4,171.68,739.49,0.0,70.0
2022-06-20,22.64,52.82,3.3,9.66,14.16,5.44,6.04,0.18,22.5,0.04,0.0,0.0,0.0,0.07,0.03,32.37,56.29,0.82,217.4,0.0,0.32,158.99,738.34,0.0,61.0
2022-06-21,26.25,57.41,3.57,11.54,16.35,5.89,5.83,0.21,21.74,0.05,0.0,0.0,0.0,0.09,0.03,31.02,65.04,0.7,165.99,0.03,2.51,146.7,737.93,0.0,64.0
2022-06-22,41.55,78.62,3.99,17.48,22.67,9.58,6.39,0.31,25.4,0.07,0.0,0.0,0.0,0.12,0.05,33.82,57.96,0.61,127.54,0.0,0.08,192.28,740.36,0.0,67.0
2022-06-23,49.5,106.1,3.81,15.23,20.26,10.68,7.11,0.3,25.05,0.07,0.0,0.0,0.0,0.12,0.05,35.27,53.64,0.64,147.95,0.0,0.28,181.37,740.74,0.0,99.0
2022-06-24,47.49,129.49,2.82,21.9,23.36,11.56,17.83,0.43,30.62,0.1,0.0,0.0,0.0,0.17,0.07,37.05,31.83,0.53,171.09,0.0,0.13,162.4,738.35,0.0,102.0
2022-06-25,47.8,79.43,3.3,13.09,17.45,10.31,8.36,0.34,26.44,0.08,0.0,0.0,0.0,0.13,0.05,35.21,54.95,0.73,110.62,0.01,1.28,162.41,737.91,0.0,101.0
2022-06-26,37.57,64.43,2.73,7.37,11.09,9.18,7.69,0.24,25.96,0.06,0.0,0.0,0.0,0.1,0.04,35.24,55.9,1.14,93.27,0.01,0.96,166.19,738.91,0.0,75.0
2022-06-27,46.97,72.85,2.65,7.4,11.02,9.18,8.59,0.25,26.7,0.06,0.0,0.0,0.0,0.1,0.04,35.75,55.22,0.91,103.09,0.01,0.79,153.32,739.66,0.0,80.0
2022-06-28,47.8,79.91,2.78,10.55,14.23,9.64,8.02,0.27,25.25,0.06,0.0,0.0,0.0,0.11,0.04,34.84,59.73,0.68,140.31,0.02,1.56,117.86,737.88,0.0,96.0
2022-06-29,26.42,37.67,3.74,15.12,20.03,10.56,6.85,0.26,18.13,0.06,0.0,0.0,0.0,0.11,0.04,30.15,78.21,0.72,149.78,0.08,7.79,63.9,737.29,0.0,55.0
2022-06-30,18.86,23.91,3.79,14.39,19.42,10.47,6.89,0.28,26.38,0.07,0.0,0.0,0.0,0.11,0.04,26.7,87.26,0.48,146.07,0.26,24.61,29.29,738.25,0.0,38.0
2022-07-01,18.86,36.49,4.9,15.26,21.89,7.97,9.48,0.26,19.16,0.06,0.0,0.0,0.0,0.11,0.04,30.58,75.03,0.45,141.92,0.0,0.2,139.15,738.39,0.0,33.0
2022-07-02,33.57,64.14,3.99,14.12,19.45,6.12,6.27,0.32,19.13,0.08,0.0,0.0,0.0,0.13,0.05,30.64,76.2,0.45,138.61,0.01,0.84,66.2,737.53,0.0,65.0
2022-07-03,34.08,53.34,2.1,9.25,11.98,5.12,5.41,0.26,21.98,0.06,0.0,0.0,0.0,0.11,0.04,32.54,72.09,0.61,107.14,0.0,0.2,145.76,737.91,0.0,54.0
2022-07-04,28.38,50.96,1.96,8.46,11.02,4.96,5.56,0.27,24.39,0.06,0.0,0.0,0.0,0.11,0.04,34.22,65.47,0.7,95.92,0.01,0.92,150.31,737.41,0.0,54.0
2022-07-05,38.27,65.85,1.72,7.24,9.48,4.61,5.83,0.26,25.68,0.06,0.0,0.0,0.0,0.1,0.04,34.54,64.1,0.91,89.2,0.0,0.36,158.68,737.28,0.0,69.0
2022-07-06,32.88,65.49,1.64,6.38,8.54,4.42,6.16,0.24,26.4,0.06,0.0,0.0,0.0,0.09,0.04,35.23,60.42,1.07,87.23,0.0,0.4,155.66,739.07,0.0,78.0
2022-07-07,18.4,47.16,1.48,5.01,7.0,4.08,6.0,0.19,23.84,0.04,0.0,0.0,0.0,0.08,0.03,34.39,59.3,1.12,89.71,0.01,0.93,166.08,740.36,0.0,49.0
2022-07-08,25.06,57.6,1.75,6.82,9.13,10.11,5.47,0.25,23.38,0.06,0.0,0.0,0.0,0.1,0.04,35.37,57.66,0.74,93.86,0.01,1.43,147.9,738.58,0.0,55.0
2022-07-09,28.54,66.28,1.59,6.13,8.23,11.81,5.52,0.28,24.63,0.07,0.0,0.0,0.0,0.11,0.04,34.04,62.02,1.07,91.31,0.0,0.24,132.55,737.37,0.0,69.0
2022-07-10,17.05,42.15,1.49,5.14,7.13,9.9,5.12,0.24,22.89,0.06,0.0,0.0,0.0,0.1,0.04,34.99,57.11,0.89,91.06,0.0,0.44,180.44,737.78,0.0,46.0
2022-07-11,21.67,52.78,1.48,5.92,7.87,8.87,5.28,0.27,24.51,0.07,0.0,0.0,0.0,0.11,0.04,34.95,57.5,0.86,90.51,0.01,1.24,143.59,738.21,0.0,54.0
2022-07-12,21.92,54.94,1.62,5.64,7.81,23.54,5.0,0.27,23.32,0.07,0.0,0.0,0.0,0.11,0.04,35.16,57.82,0.96,88.09,0.01,0.72,164.47,737.76,0.0,55.0
2022-07-13,19.28,55.76,1.52,5.69,7.7,31.58,5.6,0.25,23.98,0.06,0.0,0.0,0.0,0.1,0.04,35.19,55.45,1.07,86.93,0.0,0.32,168.77,736.46,0.0,55.0
2022-07-14,18.08,69.77,1.52,5.58,7.61,24.52,5.87,0.25,24.52,0.06,0.0,0.0,0.0,0.1,0.04,34.69,57.73,1.3,91.38,0.03,2.43,169.44,736.12,0.0,62.0
2022-07-15,15.85,38.98,1.65,6.42,8.59,26.33,5.51,0.23,29.97,0.06,0.0,0.0,0.0,0.1,0.04,35.83,53.32,1.5,91.88,0.01,0.62,224.46,737.62,0.0,46.0
2022-07-16,18.06,34.58,1.53,7.09,9.07,22.49,5.77,0.24,23.36,0.06,0.0,0.0,0.0,0.1,0.04,33.46,63.78,0.93,109.09,0.01,0.88,165.83,738.47,0.0,35.0
2022-07-17,18.79,41.61,1.44,5.33,7.24,16.23,5.81,0.25,23.28,0.06,0.0,0.0,0.0,0.1,0.04,34.82,58.92,0.96,94.51,0.0,0.48,151.59,739.56,0.0,41.0
2022-07-18,21.1,51.94,1.47,6.56,8.46,25.31,5.17,0.25,23.64,0.06,0.0,0.0,0.0,0.1,0.04,35.01,57.5,1.11,88.81,0.01,0.92,180.03,738.66,0.0,55.0
2022-07-19,31.19,64.88,1.49,9.94,11.75,32.17,6.38,0.28,24.79,0.07,0.0,0.0,0.0,0.11,0.04,35.38,57.91,0.74,102.71,0.0,0.32,152.15,737.93,0.0,57.0
2022-07-20,31.43,45.54,1.7,10.68,12.76,21.2,5.69,0.28,21.02,0.07,0.0,0.0,0.0,0.11,0.05,31.68,73.95,0.71,171.19,0.49,36.52,103.83,738.31,0.0,63.0
2022-07-21,17.23,27.22,1.99,14.88,17.22,27.92,5.36,0.42,21.5,0.1,0.0,0.0,0.0,0.17,0.07,28.81,85.73,0.38,177.48,0.24,14.44,82.65,740.65,0.0,30.0
2022-07-22,17.19,40.47,2.49,10.92,14.16,18.4,2.46,0.38,20.1,0.09,0.0,0.0,0.0,0.15,0.06,28.62,87.69,0.54,89.11,0.07,7.05,94.86,740.81,0.0,32.0
2022-07-23,16.08,36.16,1.91,9.69,12.14,25.96,2.89,0.31,20.87,0.07,0.0,0.0,0.0,0.12,0.05,30.07,80.7,0.86,80.3,0.02,1.5,83.7,739.36,0.0,35.0
2022-07-24,19.66,36.55,1.42,8.22,9.99,17.13,3.13,0.28,24.83,0.07,0.0,0.0,0.0,0.11,0.04,31.14,73.91,1.03,88.21,0.03,2.52,148.43,739.72,0.0,36.0
2022-07-25,14.29,23.23,1.36,7.78,9.48,10.74,2.91,0.27,22.82,0.06,0.0,0.0,0.0,0.11,0.04,28.47,83.7,0.85,96.73,0.06,6.05,109.18,741.62,0.0,30.0
2022-07-26,19.85,30.7,1.65,8.27,10.39,9.46,2.67,0.27,20.48,0.07,0.0,0.0,0.0,0.11,0.04,28.27,85.44,0.68,94.26,0.0,0.03,125.48,743.36,0.0,37.0
2022-07-27,6.78,26.42,2.03,12.29,14.57,20.35,3.03,0.32,17.52,0.08,0.0,0.0,0.0,0.13,0.05,29.28,84.09,0.52,129.36,0.29,17.95,112.27,742.79,0.0,33.0
2022-07-28,12.67,25.7,3.76,15.99,20.91,11.09,2.31,0.38,14.19,0.09,0.0,0.0,0.0,0.15,0.06,27.22,91.62,0.31,149.46,0.13,12.35,51.13,743.43,0.0,30.0
2022-07-29,13.57,33.43,2.13,11.48,14.17,12.84,5.56,0.32,17.46,0.08,0.0,0.0,0.0,0.13,0.05,29.55,82.17,0.5,196.59,0.0,0.36,113.03,742.65,0.0,29.0
2022-07-30,13.31,32.72,3.66,13.66,18.54,9.47,7.48,0.38,14.81,0.09,0.0,0.0,0.0,0.15,0.06,27.84,89.54,0.43,186.32,0.11,10.58,47.53,741.52,0.0,29.0
2022-07-31,21.02,56.9,4.69,15.18,21.51,13.52,7.84,0.44,15.61,0.1,0.0,0.0,0.0,0.17,0.07,30.12,81.91,0.43,178.01,0.0,0.32,106.82,739.56,0.0,39.0
2022-08-01,21.24,62.05,2.02,14.28,16.7,15.26,8.18,0.33,18.16,0.08,0.0,0.0,0.0,0.13,0.05,32.28,71.49,0.57,214.64,0.01,0.98,149.23,739.57,0.0,56.0
2022-08-02,14.49,40.49,1.71,12.11,14.15,20.68,8.26,0.32,18.46,0.08,0.0,0.0,0.0,0.13,0.05,31.68,73.46,0.46,188.33,0.01,0.59,127.84,739.17,0.0,39.0
2022-08-03,15.17,29.0,2.89,17.25,20.47,31.79,8.39,0.47,16.56,0.11,0.0,0.0,0.0,0.19,0.08,28.27,89.17,0.42,149.46,0.26,14.75,65.26,740.49,0.0,29.0
2022-08-04,26.31,43.87,2.84,14.06,17.7,19.7,8.5,0.45,14.84,0.11,0.0,0.0,0.0,0.18,0.07,28.88,88.1,0.4,127.54,0.04,4.13,82.91,740.58,0.0,38.0
2022-08-05,32.03,49.04,1.46,12.65,14.31,16.33,9.3,0.42,20.75,0.1,0.0,0.0,0.0,0.17,0.07,30.35,82.31,0.44,128.23,0.21,19.85,124.64,739.5,0.0,46.0
2022-08-06,39.65,63.08,2.85,16.22,19.79,56.58,8.82,0.51,16.3,0.12,0.0,0.0,0.0,0.2,0.08,30.39,85.53,0.26,119.06,0.21,20.33,81.32,738.05,0.0,65.0
2022-08-07,20.96,36.82,1.76,12.07,14.2,41.86,8.69,0.39,17.21,0.09,0.0,0.0,0.0,0.15,0.06,27.92,89.49,0.65,118.4,0.12,11.28,59.38,738.08,0.0,66.0
2022-08-08,15.52,33.42,1.53,11.59,13.39,34.17,9.48,0.4,18.56,0.09,0.0,0.0,0.0,0.16,0.06,30.82,79.29,0.6,130.97,0.01,0.5,157.19,737.35,0.0,24.0
2022-08-09,15.37,31.64,1.18,7.88,9.31,28.87,10.6,0.33,21.07,0.08,0.0,0.0,0.0,0.13,0.05,32.17,73.37,0.97,85.49,0.0,0.12,157.71,736.82,0.0,37.0
2022-08-10,10.26,34.13,1.31,9.99,11.53,41.36,12.68,0.3,19.45,0.07,0.0,0.0,0.0,0.12,0.05,30.91,72.86,1.29,80.99,0.01,0.9,130.22,735.66,0.0,32.0
2022-08-11,8.37,33.73,1.24,9.9,11.33,28.86,11.88,0.29,20.67,0.07,0.0,0.0,0.0,0.12,0.05,30.37,73.02,1.4,79.58,0.01,0.61,112.85,736.88,0.0,34.0
2022-08-12,10.4,23.55,1.25,9.29,10.78,20.28,11.77,0.31,18.43,0.07,0.0,0.0,0.0,0.12,0.05,29.01,81.0,0.93,88.64,0.0,0.19,76.47,737.62,0.0,26.0
2022-08-13,15.63,30.44,1.82,12.54,14.41,16.83,11.8,0.38,16.34,0.09,0.0,0.0,0.0,0.15,0.06,29.47,84.72,0.36,134.44,0.08,7.24,77.98,738.16,0.0,30.0
2022-08-14,17.1,33.51,2.39,13.07,16.08,20.24,9.83,0.47,15.33,0.11,0.0,0.0,0.0,0.19,0.07,29.04,87.81,0.51,144.56,0.27,25.57,75.29,739.23,0.0,29.0
2022-08-15,6.17,22.13,1.41,8.67,10.41,40.77,6.33,0.29,19.52,0.07,0.0,0.0,0.0,0.12,0.04,28.6,81.35,1.37,84.04,0.02,1.63,92.53,738.78,0.0,25.0
2022-08-16,4.21,17.12,1.4,9.47,11.17,31.3,6.79,0.27,18.05,0.06,0.0,0.0,0.0,0.11,0.04,29.62,77.02,1.07,102.77,0.0,0.26,119.45,740.23,0.0,21.0
2022-08-17,7.96,26.92,1.78,10.6,12.81,25.01,6.18,0.3,15.11,0.07,0.0,0.0,0.0,0.12,0.05,31.48,72.03,0.49,161.55,0.0,0.35,144.61,741.58,0.0,29.0
2022-08-18,10.39,37.2,1.86,11.53,13.81,35.28,7.39,0.3,15.81,0.07,0.0,0.0,0.0,0.12,0.05,31.63,72.19,0.67,216.26,0.0,0.16,151.36,740.38,0.0,33.0
2022-08-19,15.43,50.76,1.74,12.19,14.28,21.95,7.69,0.32,18.17,0.08,0.0,0.0,0.0,0.13,0.05,31.47,74.39,0.62,198.21,0.03,2.78,125.01,739.93,0.0,44.0
2022-08-20,9.15,24.03,1.69,12.2,14.21,15.25,7.41,0.36,17.84,0.09,0.0,0.0,0.0,0.14,0.06,29.08,83.46,0.57,190.72,0.18,16.93,117.5,740.06,0.0,29.0
2022-08-21,13.72,36.45,1.6,12.4,14.28,11.44,7.16,0.38,17.48,0.09,0.0,0.0,0.0,0.15,0.06,28.5,84.72,0.82,104.17,0.01,0.98,63.19,737.71,0.0,26.0
2022-08-22,19.17,36.43,1.54,9.68,11.57,19.3,7.01,0.32,19.43,0.07,0.0,0.0,0.0,0.13,0.05,29.11,81.27,1.03,85.45,0.02,2.02,108.27,737.02,0.0,39.0
2022-08-23,8.47,27.18,1.62,9.58,11.59,20.97,7.65,0.29,17.28,0.07,0.0,0.0,0.0,0.11,0.04,30.44,72.73,0.59,138.77,0.01,0.65,147.56,740.19,0.0,28.0
2022-08-24,15.85,36.01,1.53,11.02,12.85,14.35,7.73,0.35,17.52,0.08,0.0,0.0,0.0,0.14,0.06,29.17,80.76,0.39,111.6,0.0,0.42,69.48,742.77,0.0,37.0
2022-08-25,24.18,52.55,2.14,13.38,16.02,17.86,7.54,0.43,15.47,0.1,0.0,0.0,0.0,0.17,0.07,28.99,83.26,0.39,187.88,0.01,0.51,81.04,741.74,0.0,44.0
2022-08-26,20.36,46.88,1.93,12.34,14.69,18.5,7.9,0.37,16.77,0.09,0.0,0.0,0.0,0.15,0.06,29.92,82.69,0.5,192.74,0.03,2.52,93.3,740.89,0.0,46.0
2022-08-27,23.22,54.62,1.53,11.87,13.65,13.62,8.4,0.35,19.52,0.08,0.0,0.0,0.0,0.14,0.06,31.37,77.21,0.59,214.62,0.0,0.2,123.69,740.22,0.0,48.0
2022-08-28,31.53,84.78,1.46,12.05,13.72,10.39,8.74,0.37,17.78,0.09,0.0,0.0,0.0,0.15,0.06,30.41,78.58,0.47,181.06,0.0,0.32,65.27,741.35,0.0,68.0
2022-08-29,20.95,43.53,1.87,12.17,14.44,13.26,8.19,0.41,16.26,0.1,0.0,0.0,0.0,0.16,0.07,28.72,85.3,0.39,141.26,0.09,8.88,80.71,744.14,0.0,62.0
2022-08-30,23.47,50.95,1.93,13.5,15.81,13.8,8.32,0.48,16.27,0.11,0.0,0.0,0.0,0.19,0.08,29.0,85.44,0.31,163.29,0.01,0.56,70.44,744.33,0.0,41.0
2022-08-31,24.02,54.78,1.77,13.45,15.53,10.08,8.55,0.43,16.74,0.1,0.0,0.0,0.0,0.17,0.07,29.99,83.67,0.43,178.41,0.04,3.83,90.96,742.58,0.0,64.0
2022-09-01,21.1,55.33,1.53,11.2,13.02,8.23,8.69,0.36,18.51,0.09,0.0,0.0,0.0,0.14,0.06,30.11,81.36,0.56,178.09,0.01,1.07,90.64,742.68,0.0,62.0
2022-09-02,11.23,35.78,1.41,11.01,12.65,6.86,8.94,0.33,20.39,0.08,0.0,0.0,0.0,0.13,0.05,29.88,78.55,0.43,186.66,0.0,0.19,98.32,743.76,0.0,30.0
2022-09-03,17.29,51.54,1.49,12.26,13.97,6.43,9.37,0.34,21.2,0.08,0.0,0.0,0.0,0.14,0.05,31.38,73.43,0.63,203.49,0.0,0.31,129.43,741.53,0.0,44.0
2022-09-04,17.34,45.74,1.45,11.18,12.88,6.45,9.66,0.33,20.08,0.08,0.0,0.0,0.0,0.13,0.05,32.0,71.67,0.55,192.76,0.0,0.44,133.47,740.85,0.0,52.0
2022-09-05,24.74,60.22,1.73,12.95,15.0,18.99,9.04,0.37,17.53,0.09,0.0,0.0,0.0,0.15,0.06,32.61,69.58,0.46,186.22,0.0,0.0,130.86,741.76,0.0,54.0
2022-09-06,28.1,75.56,2.06,15.93,18.34,36.59,10.2,0.43,18.41,0.1,0.0,0.0,0.0,0.17,0.07,32.74,67.59,0.36,160.39,0.0,0.28,122.56,742.59,0.0,54.0
2022-09-07,39.43,78.43,2.28,17.92,20.59,21.92,10.31,0.54,18.44,0.13,0.0,0.0,0.0,0.22,0.09,31.2,76.4,0.23,98.89,0.16,14.96,101.21,743.76,0.0,74.0
2022-09-08,39.85,62.23,1.85,12.57,14.82,16.46,9.87,0.42,18.99,0.1,0.0,0.0,0.0,0.17,0.07,31.78,76.53,0.49,98.53,0.0,0.44,124.16,744.38,0.0,67.0
2022-09-09,26.36,45.37,1.55,11.85,13.53,11.4,5.57,0.38,18.57,0.09,0.0,0.0,0.0,0.15,0.06,31.45,75.84,0.57,91.37,0.0,0.0,114.5,743.94,0.0,54.0
2022-09-10,25.09,63.4,1.25,10.95,12.11,14.63,4.89,0.37,19.62,0.09,0.0,0.0,0.0,0.14,0.06,31.39,75.75,0.68,76.51,0.0,0.0,109.82,743.13,0.0,44.0
2022-09-11,20.25,49.57,1.19,10.83,12.17,14.55,5.73,0.37,21.38,0.09,0.0,0.0,0.0,0.15,0.06,30.92,74.25,0.89,86.29,0.0,0.04,111.22,741.17,0.0,62.0
2022-09-12,11.77,26.74,1.11,9.89,11.15,14.53,6.39,0.31,17.8,0.07,0.0,0.0,0.0,0.12,0.05,28.78,79.8,1.13,78.25,0.01,0.99,88.99,739.62,0.0,39.0
2022-09-13,9.8,21.13,0.96,9.06,10.12,16.36,6.73,0.3,16.43,0.07,0.0,0.0,0.0,0.12,0.05,26.89,88.26,1.17,75.65,0.08,7.39,43.98,739.68,0.0,30.0
2022-09-14,8.18,15.86,1.06,10.07,11.24,19.2,7.49,0.32,17.8,0.08,0.0,0.0,0.0,0.13,0.05,25.74,94.72,1.03,72.87,0.58,44.87,20.47,740.1,0.0,28.0
2022-09-15,3.36,13.98,1.75,11.07,13.21,18.76,12.07,0.31,15.21,0.07,0.0,0.0,0.0,0.12,0.05,25.94,94.35,0.8,137.83,0.42,40.01,36.26,738.41,0.0,33.0
2022-09-16,7.63,21.84,3.02,13.09,17.03,20.45,12.84,0.4,17.83,0.09,0.0,0.0,0.0,0.16,0.06,26.82,90.68,0.85,185.52,0.11,10.7,54.77,736.75,0.0,27.0
2022-09-17,12.36,35.47,3.42,12.94,17.48,23.16,12.98,0.43,15.21,0.1,0.0,0.0,0.0,0.17,0.07,28.13,83.98,0.42,193.81,0.0,0.4,84.1,740.36,0.0,41.0
2022-09-18,18.0,45.85,2.72,12.07,15.61,23.44,11.02,0.43,16.55,0.1,0.0,0.0,0.0,0.17,0.07,29.64,78.18,0.37,165.79,0.0,0.2,115.81,741.93,0.0,75.0
2022-09-19,24.24,53.14,4.13,13.4,18.97,23.44,10.79,0.51,15.33,0.12,0.0,0.0,0.0,0.2,0.08,29.18,84.22,0.35,128.49,0.16,15.06,78.47,742.15,0.0,69.0
2022-09-20,14.74,30.71,2.88,12.18,15.94,23.52,11.14,0.38,14.96,0.09,0.0,0.0,0.0,0.15,0.06,28.84,83.73,0.4,114.81,0.01,0.92,101.62,742.07,0.0,38.0
2022-09-21,18.24,35.11,4.14,15.09,20.6,23.47,11.09,0.52,13.53,0.13,0.0,0.0,0.0,0.21,0.08,26.4,96.25,0.42,131.3,0.43,40.93,12.19,741.14,0.0,35.0
2022-09-22,19.36,35.07,2.99,13.12,17.01,42.05,10.91,0.55,14.66,0.13,0.0,0.0,0.0,0.22,0.09,27.18,92.9,0.63,93.42,0.12,11.75,51.52,740.73,0.0,36.0
2022-09-23,12.55,30.44,2.88,11.76,15.56,46.59,11.57,0.64,13.97,0.16,0.0,0.0,0.0,0.26,0.1,28.04,88.54,0.56,116.74,0.01,1.32,94.25,741.0,0.0,47.0
2022-09-24,15.58,38.93,2.77,11.65,15.26,35.4,11.75,0.61,14.06,0.15,0.0,0.0,0.0,0.24,0.1,27.09,86.77,0.51,146.3,0.0,0.0,60.14,741.44,0.0,39.0
2022-09-25,21.24,49.27,5.16,13.26,20.34,26.65,11.93,0.71,14.32,0.17,0.0,0.0,0.0,0.28,0.12,27.55,88.93,0.36,141.8,0.28,26.96,75.36,742.98,0.0,53.0
2022-09-26,18.35,45.4,5.59,14.45,22.11,26.18,11.75,0.68,13.89,0.16,0.0,0.0,0.0,0.27,0.11,26.99,90.77,0.3,133.03,0.24,23.45,70.52,744.34,0.0,61.0
2022-09-27,27.43,63.65,3.73,15.2,20.1,24.28,11.97,0.62,14.84,0.15,0.0,0.0,0.0,0.25,0.1,29.1,81.51,0.35,175.82,0.0,0.28,98.56,743.49,0.0,44.0
2022-09-28,50.19,107.41,4.23,18.15,23.67,26.27,11.85,0.76,17.33,0.18,0.0,0.0,0.0,0.3,0.12,29.67,78.3,0.3,141.68,0.0,0.42,105.98,742.9,0.0,80.0
2022-09-29,38.98,98.07,6.15,21.55,29.76,28.61,12.4,0.68,16.0,0.16,0.0,0.0,0.0,0.27,0.11,30.3,75.43,0.3,141.76,0.0,0.18,108.65,742.73,0.0,93.0
2022-09-30,55.64,109.92,9.68,22.43,35.82,28.57,12.53,0.87,16.53,0.21,0.0,0.0,0.0,0.35,0.14,29.68,76.48,0.26,122.26,0.0,0.08,98.03,742.85,0.0,93.0
2022-10-01,57.55,102.03,8.77,23.11,35.12,28.65,12.58,0.85,15.03,0.2,0.0,0.0,0.0,0.34,0.14,29.08,79.72,0.34,152.71,0.0,0.0,117.61,742.82,0.0,108.0
2022-10-02,0.0,0.0,0.0,0.0,0.0,0.0,0.0,0.0,0.0,0.0,0.0,0.0,0.0,0.0,0.0,0.0,0.0,0.0,0.0,0.0,0.0,0.0,0.0,0.0,132.0
2022-10-03,60.09,138.73,4.23,21.11,25.96,28.84,12.35,0.72,26.64,0.17,0.0,0.0,0.0,0.29,0.11,31.51,68.16,0.35,140.19,0.0,0.07,91.3,742.81,0.0,156.0
2022-10-04,40.66,74.67,6.37,18.21,26.88,28.8,13.28,0.68,14.99,0.16,0.0,0.0,0.0,0.27,0.11,29.16,80.26,0.66,81.3,0.0,0.0,76.42,744.01,0.0,122.0
2022-10-05,7.6,16.82,2.9,13.46,17.21,28.87,12.76,0.43,14.57,0.1,0.0,0.0,0.0,0.17,0.07,25.25,93.3,0.62,88.54,0.28,27.02,29.41,744.02,0.0,27.0
2022-10-06,8.18,18.45,2.7,12.06,15.57,28.89,12.82,0.42,14.05,0.1,0.0,0.0,0.0,0.17,0.07,25.51,92.56,0.62,104.76,0.01,1.37,33.15,744.31,0.0,25.0
2022-10-07,13.59,24.26,2.75,12.53,16.09,27.75,12.37,0.43,14.61,0.1,0.0,0.0,0.0,0.17,0.07,25.24,93.17,0.59,99.65,0.04,3.86,40.08,745.3,0.0,29.0
2022-10-08,10.55,22.46,2.79,12.13,15.76,19.48,13.84,0.42,14.17,0.1,0.0,0.0,0.0,0.17,0.07,26.99,89.06,0.67,93.72,0.08,7.57,75.98,745.45,0.0,27.0
2022-10-09,13.26,26.65,3.09,12.4,16.47,16.87,13.9,0.45,14.26,0.11,0.0,0.0,0.0,0.18,0.07,27.07,88.61,0.62,132.94,0.53,50.76,64.89,745.71,0.0,36.0
2022-10-10,10.51,12.88,2.44,12.74,15.83,16.27,13.19,0.39,15.87,0.09,0.0,0.0,0.0,0.16,0.06,23.3,96.02,0.6,98.25,0.64,61.24,25.04,746.88,0.0,22.0
2022-10-11,15.05,27.84,4.2,13.06,18.74,14.66,13.62,0.51,13.61,0.12,0.0,0.0,0.0,0.2,0.08,25.13,91.86,0.33,111.95,0.01,0.71,42.8,745.68,0.0,28.0
2022-10-12,23.13,51.22,7.07,14.8,24.64,12.45,14.05,0.68,14.82,0.16,0.0,0.0,0.0,0.27,0.11,26.56,86.18,0.33,160.29,0.0,0.16,76.07,746.09,0.0,34.0
2022-10-13,53.93,95.87,17.3,18.81,43.57,15.12,14.79,0.9,15.74,0.22,0.0,0.0,0.0,0.36,0.14,26.44,82.63,0.24,139.27,0.0,0.3,78.69,747.08,0.0,66.0
2022-10-14,65.91,119.56,10.12,22.52,36.54,16.7,14.76,0.72,19.9,0.17,0.0,0.0,0.0,0.29,0.11,26.51,78.27,0.23,111.75,0.0,0.28,99.85,747.02,0.0,111.0
2022-10-15,47.67,100.92,13.92,25.64,45.14,16.98,14.38,0.63,18.63,0.15,0.0,0.0,0.0,0.25,0.1,26.1,78.57,0.25,93.96,0.0,0.12,86.95,746.52,0.0,93.0
2022-10-16,42.88,90.85,14.63,23.64,44.27,17.08,14.4,0.63,17.37,0.15,0.0,0.0,0.0,0.25,0.1,26.15,75.0,0.22,102.97,0.0,0.12,94.47,748.3,0.0,87.0
2022-10-17,40.13,87.15,5.9,24.1,31.85,17.28,14.32,0.49,19.06,0.12,0.0,0.0,0.0,0.19,0.08,26.27,74.05,0.29,159.12,0.0,0.21,91.79,748.37,0.0,91.0
2022-10-18,56.31,122.9,7.03,24.9,34.29,21.95,14.71,0.58,21.71,0.14,0.0,0.0,0.0,0.23,0.09,26.42,73.76,0.28,144.39,0.0,0.0,88.78,747.4,0.0,98.0
2022-10-19,48.68,123.13,21.18,30.24,60.27,21.48,15.51,0.71,20.78,0.17,0.0,0.0,0.0,0.28,0.11,26.29,72.49,0.2,111.7,0.0,0.16,90.05,747.45,0.0,117.0
2022-10-20,67.18,144.04,10.31,29.93,43.96,18.5,15.7,0.64,19.8,0.15,0.0,0.0,0.0,0.25,0.1,26.18,72.98,0.2,100.97,0.0,0.3,87.4,748.69,0.0,131.0
2022-10-21,68.24,152.91,10.33,32.37,46.33,17.49,16.09,0.67,20.82,0.16,0.0,0.0,0.0,0.27,0.11,26.16,71.27,0.27,145.17,0.0,0.0,86.67,749.51,0.0,147.0
2022-10-22,96.52,188.39,15.98,34.86,57.03,17.3,16.6,0.79,19.65,0.19,0.0,0.0,0.0,0.31,0.13,26.01,72.2,0.26,135.07,0.01,1.36,86.77,749.66,0.0,172.0
2022-10-23,134.8,226.6,27.65,36.76,76.07,17.6,17.46,1.22,18.32,0.29,0.0,0.0,0.0,0.49,0.2,25.52,75.75,0.22,110.31,0.02,1.45,79.63,748.81,0.0,266.0
2022-10-24,156.71,228.13,12.32,27.14,44.23,19.24,14.24,0.9,23.11,0.21,0.0,0.0,0.0,0.36,0.14,25.09,69.79,0.33,171.45,0.03,2.85,90.15,745.36,0.0,174.0
2022-10-25,126.8,192.36,2.56,24.91,27.71,22.2,11.42,0.62,25.71,0.15,0.0,0.0,0.0,0.25,0.1,24.03,65.52,0.34,152.34,0.03,3.07,88.2,744.8,0.0,222.0
2022-10-26,63.21,131.2,8.68,31.93,43.47,22.07,11.83,0.85,23.6,0.2,0.0,0.0,0.0,0.34,0.14,24.42,67.8,0.2,98.14,0.01,1.03,85.58,747.78,0.0,156.0
2022-10-27,105.02,194.68,23.43,33.1,66.32,21.71,11.88,1.1,23.62,0.26,0.0,0.0,0.0,0.44,0.18,24.23,71.59,0.19,98.02,0.01,1.04,78.42,747.98,0.0,207.0
2022-10-28,103.51,182.72,5.25,35.46,41.82,24.96,11.5,0.92,24.33,0.22,0.0,0.0,0.0,0.37,0.15,24.37,73.58,0.19,79.11,0.0,0.08,76.17,747.93,0.0,176.0
2022-10-29,102.02,178.62,3.12,28.92,32.38,24.83,11.56,0.84,22.84,0.2,0.0,0.0,0.0,0.33,0.13,24.44,75.61,0.16,71.96,0.0,0.28,72.76,748.41,0.0,249.0
2022-10-30,135.86,231.01,12.83,34.69,52.25,25.34,11.74,1.24,22.71,0.3,0.0,0.0,0.0,0.5,0.2,24.19,79.41,0.16,81.73,0.0,0.0,65.47,748.64,0.0,306.0
2022-10-31,128.24,207.49,23.85,31.61,65.52,30.47,11.56,1.18,25.74,0.28,0.0,0.0,0.0,0.47,0.19,24.23,74.45,0.18,98.7,0.0,0.23,77.54,748.67,0.0,308.0
2022-11-01,109.33,209.12,35.43,37.91,88.63,29.79,14.85,1.11,17.83,0.27,0.0,0.0,0.0,0.44,0.18,23.87,69.88,0.19,86.88,0.0,0.4,78.5,749.01,0.0,280.0
2022-11-02,99.75,209.84,28.53,37.22,77.8,26.62,18.84,0.99,19.58,0.24,0.0,0.0,0.0,0.39,0.16,24.4,67.72,0.29,128.68,0.0,0.0,73.81,747.4,0.0,208.0
2022-11-03,155.76,330.17,14.51,45.93,65.52,31.83,19.89,1.27,18.22,0.3,0.0,0.0,0.0,0.51,0.2,23.85,75.04,0.19,109.21,0.0,0.4,65.31,746.85,0.0,311.0
2022-11-04,109.27,238.07,8.4,44.45,55.1,37.66,20.22,1.59,25.5,0.38,0.0,0.0,0.0,0.64,0.25,23.94,79.67,0.22,116.03,0.0,0.4,61.86,748.14,0.0,358.0
2022-11-05,116.42,211.44,5.18,28.16,34.69,36.67,19.04,1.04,14.74,0.25,0.0,0.0,0.0,0.41,0.17,24.26,81.1,0.22,81.18,0.0,0.16,62.43,749.37,0.0,236.0
2022-11-06,73.41,158.41,4.37,27.5,32.86,32.89,19.18,0.84,15.34,0.2,0.0,0.0,0.0,0.33,0.13,24.58,75.71,0.19,74.25,0.0,0.0,69.87,749.64,0.0,215.0
2022-11-07,95.7,189.12,6.04,34.11,41.67,30.86,19.23,0.8,14.61,0.19,0.0,0.0,0.0,0.32,0.13,24.31,74.02,0.2,81.62,0.0,0.0,64.71,749.21,0.0,219.0
2022-11-08,74.84,162.08,4.61,31.68,37.24,30.02,19.22,0.74,15.45,0.18,0.0,0.0,0.0,0.3,0.12,24.75,71.95,0.19,94.32,0.0,0.0,64.44,749.14,0.0,170.0
2022-11-09,103.66,200.09,3.08,28.22,31.66,30.16,19.75,0.83,25.84,0.2,0.0,0.0,0.0,0.33,0.13,24.45,75.89,0.2,120.53,0.0,0.0,57.85,749.41,0.0,237.0
2022-11-10,107.32,213.47,5.78,33.73,40.94,30.55,19.36,1.04,14.21,0.25,0.0,0.0,0.0,0.42,0.17,23.78,78.6,0.23,128.51,0.0,0.36,59.46,749.69,0.0,270.0
2022-11-11,102.78,230.86,3.39,34.67,38.32,31.41,21.49,0.96,27.66,0.23,0.0,0.0,0.0,0.38,0.15,22.48,70.42,0.35,153.28,0.0,0.0,64.56,749.72,0.0,241.0
2022-11-12,115.58,244.08,3.25,40.7,43.91,30.31,21.49,0.94,16.13,0.22,0.0,0.0,0.0,0.38,0.15,20.87,68.49,0.29,152.67,0.0,0.16,62.2,749.61,0.0,237.0
2022-11-13,117.92,260.08,5.27,45.0,51.02,29.07,23.78,1.06,18.36,0.25,0.0,0.0,0.0,0.42,0.17,20.31,67.62,0.27,135.62,0.0,0.12,61.65,749.13,0.0,208.0
2022-11-14,124.98,287.93,18.83,61.1,86.46,32.37,23.56,1.64,19.56,0.39,0.0,0.0,0.0,0.66,0.26,20.66,73.62,0.15,96.86,0.0,0.0,57.42,749.44,0.0,315.0
2022-11-15,75.01,194.09,28.99,53.07,93.7,31.02,23.74,1.34,17.47,0.32,0.0,0.0,0.0,0.54,0.21,21.68,67.79,0.3,138.44,0.0,0.12,67.46,749.01,0.0,182.0
2022-11-16,72.32,181.41,15.88,46.84,68.41,30.6,24.22,1.0,17.98,0.24,0.0,0.0,0.0,0.4,0.16,22.37,66.43,0.31,164.58,0.0,0.28,62.35,748.09,0.0,191.0
2022-11-17,71.41,167.33,2.8,34.33,37.13,26.74,24.59,0.73,21.7,0.18,0.0,0.0,0.0,0.29,0.12,20.36,60.16,0.49,183.97,0.0,0.24,65.3,748.55,0.0,166.0
2022-11-18,80.48,208.71,13.87,46.67,65.29,29.34,23.22,1.01,23.39,0.24,0.0,0.0,0.0,0.4,0.16,18.86,68.19,0.29,149.52,0.0,0.12,63.66,749.4,0.0,224.0
2022-11-19,108.65,282.21,78.73,50.76,164.76,31.18,22.98,2.0,17.97,0.48,0.0,0.0,0.0,0.8,0.32,18.77,72.82,0.23,120.59,0.0,0.16,62.26,749.47,0.0,213.0
2022-11-20,81.95,219.55,24.0,47.65,81.16,37.81,24.83,1.29,18.47,0.31,0.0,0.0,0.0,0.51,0.21,19.51,72.68,0.18,116.02,0.0,0.12,59.42,748.57,0.0,196.0
2022-11-21,74.27,216.31,10.84,49.05,63.11,35.84,25.0,1.04,18.84,0.25,0.0,0.0,0.0,0.42,0.17,19.74,71.92,0.23,131.36,0.0,0.2,60.44,747.78,0.0,155.0
2022-11-22,76.7,220.32,19.21,50.63,76.97,32.65,26.28,1.22,15.42,0.29,0.0,0.0,0.0,0.49,0.2,19.27,68.58,0.26,129.52,0.0,0.16,62.73,748.07,0.0,194.0
2022-11-23,76.58,220.81,18.73,55.0,80.45,29.68,32.6,1.17,16.04,0.28,0.0,0.0,0.0,0.47,0.19,18.82,65.36,0.27,140.04,0.0,0.0,60.45,748.4,0.0,167.0
2022-11-24,69.32,206.1,17.15,55.44,78.54,28.07,33.64,1.1,15.86,0.26,0.0,0.0,0.0,0.44,0.18,18.46,64.65,0.26,135.78,0.01,0.52,61.84,748.61,0.0,176.0
2022-11-25,92.62,262.94,49.75,64.4,135.18,29.43,28.83,1.53,17.01,0.37,0.0,0.0,0.0,0.61,0.25,18.67,69.64,0.22,116.02,0.01,0.6,59.32,749.47,0.0,230.0
2022-11-26,87.12,241.43,14.55,60.95,80.02,39.63,29.41,1.12,16.07,0.27,0.0,0.0,0.0,0.45,0.18,18.71,73.64,0.21,120.23,0.0,0.48,54.4,747.57,0.0,209.0
2022-11-27,100.85,257.71,23.49,59.62,91.91,41.17,28.7,1.27,20.61,0.31,0.0,0.0,0.0,0.51,0.2,18.95,75.04,0.15,80.46,0.0,0.12,54.62,746.24,0.0,212.0
2022-11-28,83.73,219.7,55.8,60.77,140.6,40.19,24.77,1.54,20.64,0.37,0.0,0.0,0.0,0.62,0.25,19.22,76.58,0.13,73.86,0.0,0.28,49.14,747.38,0.0,199.0
2022-11-29,91.81,220.67,46.18,56.88,122.69,38.43,25.75,1.77,20.62,0.42,0.0,0.0,0.0,0.71,0.28,19.27,77.75,0.15,117.22,0.01,1.0,48.23,748.85,0.0,215.0
2022-11-30,77.83,187.75,12.87,55.82,72.61,36.49,22.24,1.15,20.56,0.28,0.0,0.0,0.0,0.46,0.18,18.67,76.19,0.14,107.71,0.0,0.16,43.25,749.54,0.0,208.0
2022-12-01,74.36,179.96,17.7,58.4,82.21,34.71,23.83,1.13,20.5,0.27,0.0,0.0,0.0,0.45,0.18,18.14,74.59,0.23,152.01,0.0,0.36,51.1,749.09,0.0,191.0
2022-12-02,94.39,218.23,23.76,57.76,90.52,35.67,25.08,1.29,20.51,0.31,0.0,0.0,0.0,0.52,0.21,17.82,77.96,0.2,116.48,0.0,0.12,48.82,748.67,0.0,229.0
2022-12-03,89.63,205.39,47.72,60.61,128.55,35.06,24.51,1.55,20.46,0.37,0.0,0.0,0.0,0.62,0.25,17.93,79.26,0.17,108.08,0.0,0.4,47.07,748.96,0.0,206.0
2022-12-04,93.65,213.9,28.19,47.57,87.25,35.17,24.17,1.38,20.32,0.33,0.0,0.0,0.0,0.55,0.22,17.58,81.37,0.18,110.65,0.0,0.44,45.59,749.35,0.0,200.0
2022-12-05,93.88,253.81,83.02,52.29,172.54,36.44,24.44,2.35,20.24,0.56,0.0,0.0,0.0,0.94,0.38,17.36,80.66,0.17,107.61,0.0,0.12,47.46,749.86,0.0,210.0
2022-12-06,66.58,197.43,10.82,48.89,62.93,34.33,24.87,1.03,20.24,0.25,0.0,0.0,0.0,0.41,0.16,16.93,76.85,0.29,150.32,0.0,0.0,51.73,749.38,0.0,215.0
2022-12-07,43.57,146.47,4.47,43.67,48.55,33.31,25.62,0.71,20.19,0.17,0.0,0.0,0.0,0.28,0.11,17.36,68.67,0.4,179.31,0.0,0.0,55.63,748.83,0.0,131.0
2022-12-08,52.05,167.84,7.07,47.94,56.48,34.44,25.85,0.87,20.12,0.21,0.0,0.0,0.0,0.35,0.14,17.07,71.86,0.35,173.05,0.0,0.44,50.87,749.17,0.0,131.0
2022-12-09,70.19,201.52,16.95,52.24,75.17,37.14,23.09,1.18,20.14,0.28,0.0,0.0,0.0,0.47,0.19,17.31,78.61,0.2,102.13,0.0,0.28,47.61,748.62,0.0,176.0
2022-12-10,95.81,259.55,53.69,57.74,134.58,42.12,25.36,1.94,20.09,0.47,0.0,0.0,0.0,0.77,0.31,17.9,80.77,0.17,121.91,0.0,0.44,46.4,748.79,0.0,218.0
2022-12-11,77.3,192.56,28.76,51.47,91.83,43.57,24.47,1.32,20.09,0.32,0.0,0.0,0.0,0.53,0.21,18.68,79.99,0.25,155.21,0.0,0.0,49.86,748.73,0.0,213.0
2022-12-12,43.33,121.79,11.04,42.69,57.29,41.2,25.56,0.81,21.25,0.19,0.0,0.0,0.0,0.32,0.13,19.64,69.45,0.33,183.01,0.0,0.15,53.5,748.15,0.0,133.0
2022-12-13,28.98,90.66,2.75,35.91,38.57,37.68,27.84,0.54,22.95,0.13,0.0,0.0,0.0,0.22,0.09,20.17,60.39,0.47,221.1,0.0,0.44,52.99,748.89,0.0,96.0
2022-12-14,23.08,83.03,2.52,34.58,36.96,35.39,29.61,0.5,22.86,0.12,0.0,0.0,0.0,0.2,0.08,18.28,61.56,0.51,192.64,0.01,0.52,55.71,749.21,0.0,115.0
2022-12-15,28.66,89.35,3.53,36.96,40.73,34.29,30.15,0.6,22.82,0.14,0.0,0.0,0.0,0.24,0.1,16.23,65.95,0.39,152.68,0.0,0.16,54.9,748.78,0.0,113.0
2022-12-16,43.63,119.75,10.66,47.91,61.74,34.29,35.63,0.89,22.79,0.21,0.0,0.0,0.0,0.36,0.14,15.91,69.43,0.26,150.48,0.0,0.0,52.74,748.36,0.0,108.0
2022-12-17,62.29,153.97,16.23,55.24,77.0,36.5,32.77,1.13,22.73,0.27,0.0,0.0,0.0,0.45,0.18,15.41,75.41,0.23,119.56,0.0,0.12,48.94,749.25,0.0,154.0
2022-12-18,100.04,220.43,43.59,56.18,118.2,42.08,31.46,1.53,22.72,0.37,0.0,0.0,0.0,0.61,0.25,15.63,80.63,0.18,104.07,0.0,0.16,43.9,749.28,0.0,225.0
2022-12-19,113.35,248.6,27.81,56.36,95.13,45.91,29.11,1.66,21.63,0.4,0.0,0.0,0.0,0.67,0.27,15.52,85.22,0.23,136.82,0.01,0.56,43.51,748.34,0.0,222.0
2022-12-20,56.89,205.3,10.18,55.73,68.55,50.87,28.09,1.42,18.62,0.34,0.0,0.0,0.0,0.57,0.23,14.43,84.81,0.26,157.27,0.0,0.44,42.17,748.03,0.0,187.0
2022-12-21,67.9,195.68,26.91,47.02,84.84,47.72,26.97,1.35,22.7,0.33,0.0,0.0,0.0,0.54,0.22,15.63,76.64,0.24,128.85,0.01,0.64,48.49,748.65,0.0,179.0
2022-12-22,44.83,133.71,15.62,45.14,66.39,42.45,25.73,1.07,16.81,0.26,0.0,0.0,0.0,0.43,0.17,17.46,66.99,0.34,180.89,0.0,0.32,50.23,748.31,0.0,120.0
2022-12-23,35.61,113.33,5.45,41.75,48.15,38.62,24.64,0.85,18.55,0.2,0.0,0.0,0.0,0.34,0.14,17.75,64.82,0.38,131.04,0.0,0.0,46.31,747.62,0.0,84.0
2022-12-24,35.12,111.01,2.56,36.64,38.99,38.67,24.4,0.69,19.77,0.17,0.0,0.0,0.0,0.27,0.11,18.85,66.34,0.47,168.95,0.0,0.12,44.41,748.02,0.0,115.0
2022-12-25,45.34,128.89,1.93,29.8,31.49,34.92,24.14,0.67,21.41,0.16,0.0,0.0,0.0,0.27,0.11,16.31,63.56,0.58,226.09,0.0,0.0,45.52,749.28,0.0,117.0
2022-12-26,85.45,194.88,2.12,33.49,35.31,35.52,23.0,0.88,19.5,0.21,0.0,0.0,0.0,0.35,0.14,14.5,76.11,0.44,214.52,0.0,0.12,47.46,749.99,0.0,172.0
2022-12-27,80.23,185.95,2.4,33.37,35.6,35.48,24.69,0.92,18.71,0.22,0.0,0.0,0.0,0.37,0.15,11.77,84.29,0.51,211.52,0.0,0.36,43.12,749.9,0.0,199.0
2022-12-28,60.41,157.43,5.92,41.8,48.89,35.75,26.45,0.79,18.3,0.19,0.0,0.0,0.0,0.32,0.13,14.7,71.2,0.4,174.42,0.0,0.16,52.71,749.91,0.0,166.0
2022-12-29,91.31,206.56,11.09,49.47,63.89,38.02,26.24,1.13,21.43,0.27,0.0,0.0,0.0,0.45,0.18,15.01,72.84,0.34,142.67,0.0,0.16,48.49,750.0,0.0,163.0
2022-12-30,105.13,216.75,10.69,38.8,53.04,41.46,24.34,1.34,17.06,0.32,0.0,0.0,0.0,0.54,0.22,15.42,80.61,0.39,105.27,0.0,0.24,44.57,750.0,0.0,223.0
2022-12-31,86.78,195.3,22.76,39.79,71.78,42.26,25.0,1.76,12.9,0.42,0.0,0.0,0.0,0.71,0.28,12.98,90.24,0.36,170.02,0.0,0.16,31.66,750.0,0.0,191.0
