Timestamp,PM2.5 (µg/m³),PM10 (µg/m³),NO (µg/m³),NO2 (µg/m³),NOx (ppb),NH3 (µg/m³),SO2 (µg/m³),CO (mg/m³),Ozone (µg/m³),Benzene (µg/m³),Toluene (µg/m³),Xylene (µg/m³),O Xylene (µg/m³),Eth-Benzene (µg/m³),MP-Xylene (µg/m³),AT (°C),RH (%),WS (m/s),WD (deg),RF (mm),TOT-RF (mm),SR (W/mt2),BP (mmHg),VWS (m/s)
2022-01-01 00:00:00,101.17,192.15,13.06,17.31,35.88,27.91,5.52,1.18,10.26,0.01,NA,NA,NA,0.03,NA,14.28,80.64,0.37,175.39,0.00,0.00,83.03,NA,NA
2022-01-02 00:00:00,80.84,171.88,24.00,25.92,60.27,27.56,10.17,1.85,9.37,4.87,NA,NA,NA,384.31,384.31,13.43,79.02,0.26,159.36,0.00,0.00,81.58,NA,NA
2022-01-03 00:00:00,102.05,219.46,28.67,31.71,72.70,26.49,14.12,2.02,25.78,2.45,NA,NA,NA,336.44,336.00,13.77,79.39,0.29,151.53,0.00,0.00,82.81,NA,NA
2022-01-04 00:00:00,85.24,192.14,35.70,36.11,87.29,25.04,11.44,2.07,9.68,1.70,NA,NA,NA,3.62,3.88,14.72,80.27,0.27,161.89,0.00,0.00,80.59,NA,NA
2022-01-05 00:00:00,91.56,198.31,37.34,26.10,80.09,24.98,11.26,2.41,6.78,1.71,NA,NA,NA,3.10,4.12,14.97,84.47,0.42,97.54,0.00,0.08,57.45,NA,NA
2022-01-06 00:00:00,58.51,128.51,5.62,18.21,25.58,26.18,7.19,1.54,5.34,0.66,NA,NA,NA,0.94,1.53,14.07,92.93,0.49,112.12,0.23,22.42,12.85,NA,NA
2022-01-07 00:00:00,64.58,114.14,5.64,11.36,19.22,26.00,5.87,1.05,5.96,0.51,NA,NA,NA,0.57,1.12,16.10,92.60,0.48,96.10,0.00,0.44,37.24,NA,NA
2022-01-08 00:00:00,28.66,50.84,4.39,9.04,15.15,26.05,4.68,0.68,7.00,5.04,NA,NA,NA,5.23,5.82,16.94,90.62,0.61,125.58,0.05,4.63,36.89,NA,NA
2022-01-09 00:00:00,39.26,65.96,4.93,10.07,16.94,26.01,5.04,0.73,6.45,0.22,NA,NA,NA,0.31,1.10,15.94,93.80,0.41,131.62,0.06,5.57,27.73,NA,NA
2022-01-10 00:00:00,41.50,75.81,7.11,11.57,21.59,25.92,5.43,0.85,6.23,0.31,NA,NA,NA,0.50,1.66,16.65,89.66,0.37,179.04,0.00,0.20,49.69,NA,NA
2022-01-11 00:00:00,55.47,122.85,10.15,11.39,25.90,24.04,6.22,0.95,10.87,0.42,NA,NA,NA,0.47,1.53,15.65,86.47,0.33,189.08,0.01,0.59,60.48,NA,NA
2022-01-12 00:00:00,47.93,111.25,4.35,12.61,18.53,21.52,3.45,0.88,7.31,0.26,NA,NA,NA,0.65,1.79,15.41,76.61,0.52,209.95,0.00,0.12,91.08,NA,NA
2022-01-13 00:00:00,59.83,128.21,7.71,14.39,25.20,22.67,3.43,1.04,9.24,0.44,NA,NA,NA,0.65,1.92,13.91,77.13,0.36,171.31,0.00,0.00,96.37,NA,NA
2022-01-14 00:00:00,49.80,100.07,7.82,15.85,26.74,25.62,3.36,1.24,9.88,0.39,NA,NA,NA,0.63,1.79,13.11,78.59,0.44,180.13,0.00,0.12,97.11,NA,NA
2022-01-15 00:00:00,68.53,134.33,3.97,12.00,17.38,25.55,3.43,1.00,11.94,0.27,NA,NA,NA,0.24,0.79,10.96,83.13,0.51,193.99,0.00,0.00,67.83,NA,NA
2022-01-16 00:00:00,76.08,159.70,4.18,14.99,20.56,25.37,2.93,1.18,6.48,0.35,NA,NA,NA,0.26,0.89,9.98,85.41,0.36,190.39,0.00,0.00,76.58,NA,NA
2022-01-17 00:00:00,73.37,143.75,2.04,8.32,10.99,25.08,1.76,1.03,7.83,0.26,NA,NA,NA,0.10,0.54,9.64,82.10,0.48,211.77,0.00,0.08,68.84,NA,NA
2022-01-18 00:00:00,83.35,178.98,10.87,16.16,31.20,23.18,2.98,1.29,4.72,0.43,NA,NA,NA,0.28,0.93,8.90,88.73,0.49,218.40,0.00,0.08,58.30,NA,NA
2022-01-19 00:00:00,85.49,168.25,5.72,10.99,18.98,20.50,2.46,1.35,8.05,0.28,NA,NA,NA,0.14,0.82,10.06,81.41,0.40,186.39,0.00,0.12,60.18,NA,NA
2022-01-20 00:00:00,106.34,238.81,40.99,20.30,79.89,18.76,3.91,2.39,6.37,0.86,NA,NA,NA,0.50,2.08,11.90,83.70,0.34,131.28,0.00,0.36,80.31,NA,NA
2022-01-21 00:00:00,107.67,246.76,26.90,24.93,63.59,19.78,5.29,2.70,15.64,0.47,NA,NA,NA,0.53,2.36,13.91,82.50,0.33,127.40,0.00,0.44,83.33,NA,NA
2022-01-22 00:00:00,73.86,146.98,16.56,15.80,39.57,20.38,4.24,1.84,6.11,0.77,NA,NA,NA,0.59,1.87,12.90,88.40,0.71,86.40,0.01,1.16,34.28,NA,NA
2022-01-23 00:00:00,68.06,144.37,4.44,10.46,16.59,20.87,4.06,1.19,6.27,0.26,NA,NA,NA,0.11,0.67,14.65,90.45,0.54,128.11,0.00,0.04,18.38,NA,NA
2022-01-24 00:00:00,52.01,139.68,3.32,12.88,17.26,20.97,4.01,1.12,6.39,0.17,NA,NA,NA,0.14,0.68,14.60,82.78,0.61,240.19,0.00,0.00,69.92,NA,NA
2022-01-25 00:00:00,65.40,136.35,6.19,14.50,23.05,22.48,5.08,0.95,16.11,0.22,NA,NA,NA,0.10,0.62,13.30,75.34,0.46,192.03,0.00,0.00,104.66,NA,NA
2022-01-26 00:00:00,75.38,165.49,3.12,14.38,18.42,25.21,3.96,1.00,7.03,0.17,NA,NA,NA,0.12,0.60,11.32,82.43,0.46,203.89,0.00,0.00,82.19,NA,NA
2022-01-27 00:00:00,77.61,192.83,16.21,23.20,46.17,24.64,5.40,1.38,6.93,0.24,NA,NA,NA,0.13,0.86,11.79,83.81,0.42,193.62,0.00,0.36,88.03,NA,NA
2022-01-28 00:00:00,60.39,140.68,5.03,20.70,27.29,27.33,5.95,0.90,18.93,8.83,NA,NA,NA,13.88,14.40,13.69,68.87,0.54,209.84,0.00,0.12,110.38,NA,NA
2022-01-29 00:00:00,56.79,151.54,8.82,29.37,41.21,29.17,4.22,0.98,9.88,0.21,NA,NA,NA,0.13,0.59,13.99,69.61,0.39,191.66,0.00,0.00,105.27,NA,NA
2022-01-30 00:00:00,47.01,139.21,6.03,22.93,30.92,29.22,3.73,0.90,9.91,0.17,NA,NA,NA,0.05,0.57,15.89,67.18,0.49,197.31,0.00,0.08,111.11,NA,NA
2022-01-31 00:00:00,91.44,206.05,15.93,24.86,47.36,29.18,4.71,1.69,6.35,0.31,NA,NA,NA,0.26,1.19,13.88,82.59,0.37,110.57,0.00,0.00,92.58,NA,NA
2022-02-01 00:00:00,70.36,170.22,6.24,24.79,33.02,29.54,4.92,1.54,7.84,0.23,NA,NA,NA,0.15,0.86,15.62,82.16,0.40,184.39,0.00,0.16,97.19,NA,NA
2022-02-02 00:00:00,85.07,198.82,4.25,23.95,27.58,27.55,5.46,1.48,20.79,0.28,NA,NA,NA,0.12,0.72,15.05,80.22,0.45,163.63,0.00,0.08,101.86,NA,NA
2022-02-03 00:00:00,71.80,160.78,2.20,13.43,16.15,25.22,4.85,1.10,14.61,0.09,NA,NA,NA,NA,0.14,16.11,82.16,1.04,102.68,0.08,7.46,83.48,NA,NA
2022-02-04 00:00:00,44.35,99.93,3.45,17.25,21.66,25.23,4.50,0.89,7.42,0.08,NA,NA,NA,0.03,0.36,14.57,86.28,0.57,190.12,0.00,0.36,80.65,NA,NA
2022-02-05 00:00:00,37.74,90.97,4.00,19.87,24.99,25.16,5.50,0.93,13.11,0.09,NA,NA,NA,0.06,0.38,13.87,81.07,0.49,199.28,0.00,0.32,99.08,NA,NA
2022-02-06 00:00:00,66.41,172.46,10.38,26.99,41.23,24.92,5.16,1.27,9.86,0.17,NA,NA,NA,0.09,0.49,13.39,81.31,0.28,138.06,0.00,0.43,103.42,NA,NA
2022-02-07 00:00:00,59.18,138.02,27.70,26.32,66.10,22.41,6.06,1.50,21.19,0.25,NA,NA,NA,0.07,0.58,15.29,73.89,0.30,126.61,0.00,0.00,117.22,NA,NA
2022-02-08 00:00:00,58.98,124.41,8.12,23.08,34.14,19.48,5.41,1.10,14.98,0.13,NA,NA,NA,0.07,0.60,17.82,70.70,0.42,97.42,0.00,0.12,110.25,NA,NA
2022-02-09 00:00:00,56.26,109.65,3.01,13.13,17.04,18.33,4.84,0.93,12.95,0.09,NA,NA,NA,NA,0.10,16.89,77.37,0.90,102.82,0.00,0.24,101.57,NA,NA
2022-02-10 00:00:00,40.85,89.92,3.51,16.08,20.62,18.28,4.70,0.70,10.19,0.06,NA,NA,NA,0.01,0.19,16.06,74.26,0.71,236.73,0.00,0.32,124.26,NA,NA
2022-02-11 00:00:00,54.76,123.91,2.44,20.92,23.70,17.56,6.50,0.69,23.36,0.06,NA,NA,NA,NA,0.17,16.63,63.34,0.62,205.22,0.00,0.32,125.53,NA,NA
2022-02-12 00:00:00,60.19,140.61,6.30,25.97,34.24,16.31,6.23,0.79,15.46,0.07,NA,NA,NA,NA,0.21,16.52,59.51,0.51,193.87,0.00,0.00,131.45,NA,NA
2022-02-13 00:00:00,83.48,167.12,22.85,36.68,68.92,15.83,6.65,1.23,12.25,0.14,NA,NA,NA,0.06,0.57,16.50,64.04,0.36,162.36,0.00,0.12,125.40,NA,NA
2022-02-14 00:00:00,112.65,208.39,64.51,43.50,136.84,14.51,6.97,2.51,11.75,0.33,NA,NA,NA,0.07,1.33,16.87,69.68,0.32,149.12,0.00,0.28,111.55,NA,NA
2022-02-15 00:00:00,73.89,178.57,59.83,47.40,133.70,15.72,8.41,2.04,11.83,0.33,NA,NA,NA,0.08,1.27,17.60,70.92,0.29,146.13,0.00,0.00,104.33,NA,NA
2022-02-16 00:00:00,41.32,132.20,23.06,37.11,69.62,17.63,6.53,0.63,12.05,0.24,NA,NA,NA,NA,0.48,18.47,66.48,0.38,187.25,0.00,0.00,121.09,NA,NA
2022-02-17 00:00:00,37.79,116.55,25.87,35.66,72.38,17.62,7.58,0.63,14.14,0.07,NA,NA,NA,NA,0.53,19.50,58.77,0.46,195.25,0.00,0.16,131.45,NA,NA
2022-02-18 00:00:00,56.03,127.34,40.26,36.40,94.29,17.00,7.37,0.86,10.11,0.18,NA,NA,NA,0.01,0.53,19.74,57.65,0.37,174.62,0.00,0.12,129.48,NA,NA
2022-02-19 00:00:00,75.40,155.52,47.52,38.07,83.10,19.41,10.12,1.05,17.03,0.23,NA,NA,NA,0.01,0.67,20.42,58.75,0.44,198.65,0.00,0.16,124.56,NA,NA
2022-02-20 00:00:00,48.67,103.61,5.73,21.65,29.24,22.50,8.37,0.51,10.92,0.06,NA,NA,NA,NA,0.13,19.32,58.66,0.54,195.18,0.00,0.00,131.58,NA,NA
2022-02-21 00:00:00,61.38,135.30,21.36,33.03,63.21,20.84,7.96,0.71,11.13,0.14,NA,NA,NA,NA,0.21,19.23,59.03,0.46,183.89,0.00,0.04,132.92,NA,NA
2022-02-22 00:00:00,52.35,106.44,29.41,24.29,66.67,17.02,7.53,0.60,8.87,0.07,NA,NA,NA,NA,0.19,20.13,58.91,0.73,85.70,0.00,0.12,131.51,NA,NA
2022-02-23 00:00:00,57.49,96.28,2.95,12.14,16.02,16.63,7.32,0.43,16.59,0.09,NA,NA,NA,NA,0.04,22.00,62.64,0.98,91.36,0.00,0.36,128.67,NA,NA
2022-02-24 00:00:00,60.61,103.07,3.18,15.27,19.35,16.70,6.96,0.46,14.69,0.07,NA,NA,NA,NA,0.12,22.48,63.78,0.69,109.91,0.01,0.60,114.71,NA,NA
2022-02-25 00:00:00,64.41,119.92,4.66,23.78,29.72,17.74,6.60,0.58,16.06,0.05,NA,NA,NA,NA,0.14,22.39,62.41,0.34,132.72,0.00,0.08,124.19,NA,NA
2022-02-26 00:00:00,55.73,103.37,3.46,20.09,24.40,19.27,6.32,0.49,12.41,0.08,NA,NA,NA,NA,0.08,21.73,60.55,0.90,87.93,0.00,0.00,127.94,NA,NA
2022-02-27 00:00:00,33.73,69.68,3.25,16.88,21.02,19.26,6.20,0.38,9.49,0.07,NA,NA,NA,NA,0.02,21.92,59.18,0.62,148.31,0.00,0.00,132.32,NA,NA
2022-02-28 00:00:00,31.68,73.83,3.15,16.69,20.68,18.34,7.04,0.38,13.08,0.06,NA,NA,NA,NA,0.05,20.47,54.30,0.66,216.40,0.00,0.00,153.09,NA,NA
2022-03-01 00:00:00,66.89,128.18,6.44,34.93,43.06,15.70,9.72,0.61,12.34,0.11,NA,NA,NA,NA,0.14,20.24,56.36,0.42,174.46,0.00,0.16,140.97,NA,NA
2022-03-02 00:00:00,85.17,159.41,10.27,37.36,51.04,17.01,11.81,0.81,12.33,0.05,NA,NA,NA,NA,0.28,21.04,58.25,0.37,173.41,0.00,0.40,138.15,NA,NA
2022-03-03 00:00:00,77.49,183.83,24.07,43.13,75.32,19.73,8.69,0.97,10.99,0.24,NA,NA,NA,NA,0.43,21.77,58.97,0.36,161.36,0.00,0.00,127.93,NA,NA
2022-03-04 00:00:00,52.91,136.09,15.41,34.28,55.65,20.82,7.49,0.75,11.71,0.15,NA,NA,NA,NA,0.23,24.12,53.63,0.50,195.34,0.00,0.12,140.01,NA,NA
2022-03-05 00:00:00,37.54,94.92,2.79,14.86,18.38,18.71,8.41,0.39,19.66,0.03,NA,NA,NA,NA,0.05,22.32,58.97,0.83,230.71,0.00,0.00,150.62,NA,NA
2022-03-06 00:00:00,53.42,125.19,6.97,29.10,38.23,16.57,7.32,0.59,11.79,0.08,NA,NA,NA,NA,0.07,21.95,59.37,0.38,163.85,0.00,0.12,144.63,NA,NA
2022-03-07 00:00:00,61.06,135.14,13.66,32.01,50.89,16.54,7.69,0.78,9.04,0.11,NA,NA,NA,NA,0.11,22.81,58.89,0.37,149.03,0.00,0.08,129.94,NA,NA
2022-03-08 00:00:00,61.09,131.07,3.28,24.76,28.63,16.79,8.02,0.62,12.74,0.08,NA,NA,NA,NA,0.05,23.23,57.00,0.44,202.90,0.00,0.00,141.00,NA,NA
2022-03-09 00:00:00,62.68,142.98,3.41,24.76,28.82,16.82,10.07,0.64,12.73,0.08,NA,NA,NA,NA,0.07,24.66,52.69,0.53,195.16,0.00,0.00,145.27,NA,NA
2022-03-10 00:00:00,44.87,130.33,4.90,24.55,30.81,16.73,9.86,0.54,10.60,0.10,NA,NA,NA,NA,0.08,24.11,54.47,0.54,211.80,0.00,0.12,94.84,NA,NA
2022-03-11 00:00:00,53.43,139.13,6.98,24.76,34.08,16.72,10.75,0.59,12.89,0.08,NA,NA,NA,NA,0.11,24.20,53.99,0.59,215.31,0.00,0.32,147.74,NA,NA
2022-03-12 00:00:00,50.28,139.54,5.77,24.00,31.56,16.58,11.04,0.57,12.29,0.05,NA,NA,NA,NA,0.06,24.14,53.80,0.52,187.62,0.00,0.20,153.52,NA,NA
2022-03-13 00:00:00,56.86,148.97,8.34,32.42,43.45,16.58,9.05,0.66,13.10,0.08,NA,NA,NA,NA,0.09,24.87,54.05,0.47,174.58,0.00,0.00,147.87,NA,NA
2022-03-14 00:00:00,66.14,170.72,27.70,33.01,72.53,16.03,9.43,0.89,9.72,0.10,NA,NA,NA,NA,0.21,27.15,50.12,0.46,163.65,0.00,0.12,149.06,NA,NA
2022-03-15 00:00:00,94.24,218.46,32.72,33.66,80.55,15.20,11.47,1.21,16.25,0.11,NA,NA,NA,NA,0.28,27.62,58.99,0.42,172.09,0.00,0.04,136.14,NA,NA
2022-03-16 00:00:00,69.05,176.83,10.98,29.68,44.69,14.95,9.38,0.90,16.69,0.04,NA,NA,NA,NA,0.06,28.71,58.42,0.49,181.92,0.00,0.00,143.32,NA,NA
2022-03-17 00:00:00,66.74,147.13,9.25,26.55,39.13,15.17,7.69,0.71,21.84,0.00,NA,NA,NA,NA,NA,29.48,58.16,0.57,104.64,0.00,0.44,132.75,NA,NA
2022-03-18 00:00:00,79.66,143.32,3.74,17.68,22.49,15.31,7.98,0.84,26.39,0.00,NA,NA,NA,NA,NA,29.59,56.11,0.58,108.92,0.00,0.00,135.91,NA,NA
2022-03-19 00:00:00,65.21,134.76,3.41,15.42,19.85,17.56,8.17,0.68,19.57,0.03,NA,NA,NA,NA,NA,30.10,57.12,0.41,152.39,0.00,0.00,131.16,NA,NA
2022-03-20 00:00:00,64.50,131.74,5.51,24.97,32.11,19.59,8.06,0.78,17.94,0.06,NA,NA,NA,NA,0.02,30.15,56.16,0.38,140.10,0.00,0.00,145.37,NA,NA
2022-03-21 00:00:00,52.82,146.71,4.81,21.71,27.95,19.84,9.28,0.56,21.33,0.04,NA,NA,NA,NA,NA,30.74,41.84,0.51,195.01,0.00,0.20,161.55,NA,NA
2022-03-22 00:00:00,55.53,158.72,6.24,23.00,31.30,20.13,9.45,0.58,10.26,0.05,NA,NA,NA,NA,0.03,29.81,40.75,0.58,199.76,0.00,0.12,164.78,NA,NA
2022-03-23 00:00:00,57.82,145.54,5.96,31.39,38.96,19.75,18.21,0.65,16.25,0.10,NA,NA,NA,NA,0.03,29.16,39.88,0.46,182.15,0.00,0.20,163.91,NA,NA
2022-03-24 00:00:00,65.19,156.79,9.46,37.36,49.83,19.88,26.22,0.83,19.16,0.10,NA,NA,NA,NA,0.05,29.49,42.80,0.42,169.45,0.00,0.12,146.39,NA,NA
2022-03-25 00:00:00,53.93,147.02,4.91,33.02,38.96,19.80,25.21,0.69,23.68,0.10,NA,NA,NA,NA,0.04,30.40,36.28,0.61,209.50,0.00,0.00,162.09,NA,NA
2022-03-26 00:00:00,51.02,155.58,3.49,28.48,32.52,19.83,35.45,0.55,27.12,0.03,NA,NA,NA,NA,NA,29.15,37.44,0.70,209.52,0.00,0.47,164.53,NA,NA
2022-03-27 00:00:00,45.85,133.76,7.95,23.14,33.94,19.59,17.00,0.56,26.33,0.07,NA,NA,NA,NA,0.04,29.85,32.05,0.63,202.67,0.00,0.00,170.30,NA,NA
2022-03-28 00:00:00,60.87,167.76,23.96,40.15,73.87,19.34,28.10,0.85,18.86,0.05,NA,NA,NA,NA,0.05,30.38,32.45,0.44,182.90,0.00,0.43,171.31,NA,NA
2022-03-29 00:00:00,61.63,155.10,18.59,37.11,63.06,19.51,26.63,0.79,14.40,0.07,NA,NA,NA,NA,0.11,31.09,29.40,0.55,190.72,0.00,0.28,170.92,NA,NA
2022-03-30 00:00:00,68.61,170.58,47.14,28.46,96.79,19.20,10.48,0.95,6.16,0.11,NA,NA,NA,NA,0.24,32.18,32.81,0.44,160.89,0.00,0.08,169.45,NA,NA
2022-03-31 00:00:00,62.60,139.20,5.33,18.40,25.53,20.27,9.72,0.62,12.43,0.05,NA,NA,NA,NA,0.10,32.54,42.35,0.45,122.98,0.00,0.28,159.80,NA,NA
2022-04-01 00:00:00,63.94,149.69,3.06,18.49,22.28,18.78,10.34,0.62,20.11,0.11,NA,NA,NA,NA,0.07,32.22,41.70,0.54,170.28,0.00,0.47,155.14,NA,NA
2022-04-02 00:00:00,50.00,131.72,3.85,24.84,29.55,14.95,10.18,0.59,13.75,0.05,NA,NA,NA,NA,0.14,30.61,30.43,0.50,192.45,0.00,0.28,179.72,NA,NA
2022-04-03 00:00:00,54.87,143.86,22.23,39.85,71.05,14.43,10.00,0.87,7.65,0.15,NA,NA,NA,NA,NA,31.30,31.11,0.36,143.62,0.00,0.19,175.64,NA,NA
2022-04-04 00:00:00,59.60,174.34,31.76,37.67,82.99,14.42,13.51,0.95,6.86,NA,NA,NA,NA,NA,NA,31.85,25.48,0.50,198.98,0.00,0.00,181.20,NA,NA
2022-04-05 00:00:00,56.97,150.78,9.96,37.19,50.42,15.59,15.68,0.81,8.36,NA,NA,NA,NA,NA,NA,31.62,26.56,0.44,186.45,0.00,0.00,173.32,NA,NA
2022-04-06 00:00:00,46.03,126.69,9.66,41.57,54.18,15.75,10.86,0.77,9.41,NA,NA,NA,NA,NA,NA,32.06,26.64,0.48,180.33,0.00,0.08,181.18,NA,NA
2022-04-07 00:00:00,61.91,164.27,73.43,43.79,150.25,13.95,13.47,1.14,14.86,9.42,NA,NA,NA,351.52,351.52,31.93,30.73,0.42,153.85,0.00,0.07,177.86,NA,NA
2022-04-08 00:00:00,53.23,146.64,36.88,34.18,87.17,15.68,15.91,0.95,9.37,0.00,NA,NA,NA,NA,NA,33.02,24.99,0.53,189.51,0.00,0.24,185.85,NA,NA
2022-04-09 00:00:00,65.00,167.05,62.50,41.97,132.41,16.05,13.13,1.12,6.93,0.00,NA,NA,NA,NA,NA,33.39,27.96,0.47,162.43,0.00,0.36,183.16,NA,NA
2022-04-10 00:00:00,66.31,173.78,39.89,37.56,94.86,16.74,13.72,1.14,10.92,0.00,NA,NA,NA,NA,NA,33.30,29.92,0.58,168.34,0.00,0.00,171.54,NA,NA
2022-04-11 00:00:00,57.52,158.60,20.81,34.67,63.98,17.19,11.69,0.92,11.42,0.00,NA,NA,NA,NA,NA,33.77,32.39,0.52,169.14,0.01,1.00,172.35,NA,NA
2022-04-12 00:00:00,63.93,166.56,36.12,27.97,80.08,16.91,11.57,1.02,13.02,0.00,NA,NA,NA,NA,NA,33.09,42.85,0.56,110.69,0.00,0.20,155.53,NA,NA
2022-04-13 00:00:00,49.74,128.17,4.04,17.61,22.88,16.64,10.98,0.49,17.17,0.00,NA,NA,NA,NA,NA,33.35,45.16,0.58,149.27,0.00,0.44,140.55,NA,NA
2022-04-14 00:00:00,47.96,167.42,12.33,29.76,46.77,15.35,13.07,0.61,10.34,0.00,NA,NA,NA,NA,NA,32.85,26.12,0.53,181.76,0.00,0.00,179.29,NA,NA
2022-04-15 00:00:00,45.99,161.63,17.38,26.45,51.02,15.21,13.54,0.71,11.45,0.00,NA,NA,NA,NA,NA,33.79,28.45,0.56,176.25,0.00,0.00,173.23,NA,NA
2022-04-16 00:00:00,40.54,150.30,9.36,30.48,43.07,16.03,11.60,0.59,12.73,0.00,NA,NA,NA,NA,NA,34.04,27.72,0.45,168.59,0.00,0.20,170.42,NA,NA
2022-04-17 00:00:00,41.14,131.67,9.60,32.00,44.89,17.32,10.89,0.61,10.85,0.00,NA,NA,NA,NA,NA,33.83,29.07,0.44,153.31,0.00,0.12,190.63,NA,NA
2022-04-18 00:00:00,42.35,134.61,16.14,37.03,59.37,16.33,11.36,0.63,12.08,0.00,NA,NA,NA,NA,NA,34.86,26.69,0.46,165.03,0.00,0.00,182.94,NA,NA
2022-04-19 00:00:00,71.73,199.87,16.48,42.95,65.56,15.55,17.58,1.01,12.95,0.00,NA,NA,NA,NA,NA,34.76,32.23,0.40,169.01,0.00,0.08,164.49,NA,NA
2022-04-20 00:00:00,51.97,173.68,11.20,33.44,48.65,15.65,16.20,0.72,10.29,0.00,NA,NA,NA,NA,NA,35.30,26.12,0.59,190.74,0.00,0.00,179.88,NA,NA
2022-04-21 00:00:00,47.36,150.73,3.16,14.74,18.82,15.81,11.90,0.38,19.41,0.00,NA,NA,NA,NA,NA,33.01,41.81,1.05,170.61,0.00,0.32,164.46,NA,NA
2022-04-22 00:00:00,44.95,138.25,3.59,15.25,19.95,15.29,11.83,0.35,17.91,0.00,NA,NA,NA,NA,NA,33.57,31.82,0.58,166.15,0.00,0.12,184.64,NA,NA
2022-04-23 00:00:00,50.42,138.21,13.03,27.32,45.44,14.66,13.57,0.65,12.40,0.00,NA,NA,NA,NA,NA,34.32,29.55,0.60,192.18,0.00,0.00,189.20,NA,NA
2022-04-24 00:00:00,46.53,150.90,5.23,26.93,33.58,14.73,14.53,0.48,14.95,0.00,NA,NA,NA,NA,NA,33.43,25.25,0.59,186.83,0.00,0.16,189.95,NA,NA
2022-04-25 00:00:00,52.37,149.92,9.36,31.71,44.26,14.55,15.91,0.61,18.99,0.06,NA,NA,NA,0.10,0.04,34.41,24.83,0.50,170.83,0.00,0.09,194.51,NA,NA
2022-04-26 00:00:00,63.52,184.33,16.58,30.32,53.57,14.48,14.00,0.78,9.17,0.19,NA,NA,NA,0.31,0.12,34.54,28.00,0.49,171.62,0.00,0.12,181.45,NA,NA
2022-04-27 00:00:00,57.86,147.33,22.25,30.74,62.32,14.42,14.72,0.82,10.53,0.20,NA,NA,NA,0.33,0.13,35.04,27.75,0.48,173.42,0.00,0.12,191.82,NA,NA
2022-04-28 00:00:00,68.33,144.76,21.22,40.42,70.10,15.61,13.39,0.85,26.88,0.20,NA,NA,NA,0.34,0.14,35.15,29.08,0.38,139.95,0.00,0.12,188.76,NA,NA
2022-04-29 00:00:00,67.63,162.82,28.10,40.50,80.33,16.88,15.29,0.99,21.76,0.24,NA,NA,NA,0.40,0.16,35.93,28.36,0.53,172.84,0.00,0.08,180.02,NA,NA
2022-04-30 00:00:00,71.21,175.48,4.28,29.83,34.98,17.44,13.98,0.82,25.50,0.20,NA,NA,NA,0.33,0.13,36.13,31.24,0.57,158.39,0.00,0.12,166.01,NA,NA
2022-05-01 00:00:00,48.32,149.12,2.03,8.32,10.98,17.36,12.30,0.37,27.11,0.09,NA,NA,NA,0.15,0.06,32.83,48.79,1.02,99.80,0.00,0.12,173.42,NA,NA
2022-05-02 00:00:00,43.83,122.55,2.00,8.03,10.67,17.33,11.67,0.36,26.51,0.09,NA,NA,NA,0.14,0.06,33.76,47.87,0.90,112.88,0.01,1.12,155.94,NA,NA
2022-05-03 00:00:00,38.04,93.25,1.89,6.85,9.37,17.32,11.85,0.36,27.14,0.09,NA,NA,NA,0.14,0.06,33.48,49.39,0.96,101.42,0.01,0.87,173.38,NA,NA
2022-05-04 00:00:00,37.21,90.12,3.58,11.36,16.19,17.35,11.65,0.37,21.22,0.09,NA,NA,NA,0.15,0.06,32.52,55.24,0.90,123.01,0.06,6.11,176.84,NA,NA
2022-05-05 00:00:00,27.25,62.56,2.57,16.83,19.96,15.32,11.37,0.31,18.31,0.07,NA,NA,NA,0.12,0.05,31.27,50.78,0.65,148.24,0.00,0.44,188.74,NA,NA
2022-05-06 00:00:00,37.50,86.45,2.50,17.74,20.73,12.25,11.83,0.40,19.38,0.10,NA,NA,NA,0.16,0.06,33.41,43.50,0.58,166.55,0.00,0.24,196.40,741.89,NA
2022-05-07 00:00:00,48.95,100.98,2.33,13.97,16.86,14.28,11.94,0.45,21.81,0.11,NA,NA,NA,0.18,0.07,33.75,47.69,0.53,127.44,0.00,0.24,175.79,742.60,NA
2022-05-08 00:00:00,42.49,74.66,1.91,7.90,10.41,15.63,12.12,0.39,32.59,0.09,NA,NA,NA,0.16,0.06,33.78,49.96,0.89,93.92,0.00,0.00,184.97,741.46,NA
2022-05-09 00:00:00,37.39,64.79,1.94,8.53,11.06,15.60,12.14,0.36,25.63,0.09,NA,NA,NA,0.14,0.06,33.44,51.22,0.77,92.46,0.00,0.44,182.51,741.24,NA
2022-05-10 00:00:00,36.09,65.30,1.87,7.16,9.64,15.60,12.26,0.36,23.56,0.09,NA,NA,NA,0.14,0.06,34.64,49.75,0.77,97.59,0.00,0.24,172.58,741.07,NA
2022-05-11 00:00:00,29.93,58.03,2.01,7.99,10.65,12.06,12.22,0.33,30.89,0.08,NA,NA,NA,0.13,0.05,34.43,49.28,0.69,117.35,0.00,0.40,175.78,740.03,NA
2022-05-12 00:00:00,35.24,76.24,2.02,8.39,11.03,12.18,12.71,0.37,23.88,0.09,NA,NA,NA,0.15,0.06,35.29,49.27,0.71,111.62,0.00,0.08,180.40,739.07,NA
2022-05-13 00:00:00,37.89,103.98,4.60,13.72,19.95,12.06,13.05,0.46,26.23,0.11,NA,NA,NA,0.18,0.07,36.14,45.95,0.80,162.58,0.00,0.16,195.18,736.53,NA
2022-05-14 00:00:00,54.77,152.70,18.04,28.57,54.03,12.72,14.30,0.88,33.72,0.21,NA,NA,NA,0.35,0.14,37.08,40.61,0.48,148.22,0.00,0.12,188.89,736.75,NA
2022-05-15 00:00:00,45.33,104.81,3.24,11.72,16.03,14.25,14.17,0.56,15.08,0.13,NA,NA,NA,0.22,0.09,36.81,50.30,0.57,122.26,0.00,0.40,188.77,738.18,NA
2022-05-16 00:00:00,56.76,161.77,5.82,16.25,24.20,14.07,14.06,0.67,12.83,0.16,NA,NA,NA,0.27,0.11,36.47,43.94,0.49,138.98,0.00,0.00,147.52,738.12,NA
2022-05-17 00:00:00,59.16,186.68,8.22,20.56,31.88,14.00,13.46,0.69,16.28,0.17,NA,NA,NA,0.28,0.11,35.88,37.14,0.60,181.19,0.00,0.12,199.60,738.27,NA
2022-05-18 00:00:00,54.02,170.58,3.62,16.20,20.90,14.19,13.94,0.54,11.70,0.13,NA,NA,NA,0.22,0.09,36.22,39.88,0.53,140.61,0.00,0.30,151.57,739.57,NA
2022-05-19 00:00:00,44.09,145.85,4.24,27.69,32.28,14.27,17.42,0.54,27.07,0.13,NA,NA,NA,0.22,0.09,39.93,27.49,0.50,170.60,0.00,0.13,229.10,738.61,NA
2022-05-20 00:00:00,59.80,177.51,6.46,33.21,41.44,14.11,17.94,0.74,25.97,0.18,NA,NA,NA,0.30,0.12,37.40,33.43,0.51,141.67,0.00,0.18,173.52,737.44,NA
2022-05-21 00:00:00,40.47,134.60,4.01,13.65,19.03,15.46,14.99,0.36,20.18,0.09,NA,NA,NA,0.15,0.06,34.90,41.57,0.82,162.43,0.07,6.27,134.48,736.33,NA
2022-05-22 00:00:00,28.13,77.05,4.15,14.08,19.65,16.57,13.99,0.26,21.18,0.06,NA,NA,NA,0.10,0.04,32.48,49.38,0.91,129.79,0.00,0.36,180.55,735.69,NA
2022-05-23 00:00:00,21.84,61.21,3.84,11.36,16.56,16.64,14.06,0.26,18.20,0.06,NA,NA,NA,0.10,0.04,29.36,58.18,1.07,144.57,0.01,0.96,185.42,737.89,NA
2022-05-24 00:00:00,25.02,54.09,3.74,13.06,18.06,13.41,13.56,0.30,24.22,0.07,NA,NA,NA,0.12,0.05,32.60,49.26,0.65,131.18,0.00,0.08,250.06,742.37,NA
2022-05-25 00:00:00,41.17,93.78,5.74,17.94,25.71,15.37,13.60,0.39,15.65,0.09,NA,NA,NA,0.16,0.06,30.34,54.17,0.46,151.46,0.01,0.48,162.07,742.38,NA
2022-05-26 00:00:00,63.92,167.14,6.72,24.19,33.14,18.43,14.91,0.51,20.87,0.12,NA,NA,NA,0.20,0.08,33.42,43.57,0.44,143.79,0.00,0.08,182.81,740.55,NA
2022-05-27 00:00:00,63.15,174.27,5.01,20.73,27.30,18.51,16.12,0.39,20.37,0.09,NA,NA,NA,0.16,0.06,34.77,42.44,0.59,187.70,0.00,0.04,187.39,738.68,NA
2022-05-28 00:00:00,50.73,142.38,3.85,16.40,21.45,18.48,15.46,0.31,17.95,0.07,NA,NA,NA,0.12,0.05,35.11,43.36,0.60,188.92,0.01,1.08,171.16,737.79,NA
2022-05-29 00:00:00,68.25,187.94,4.40,16.35,22.20,18.63,15.70,0.37,26.35,0.09,NA,NA,NA,0.15,0.06,35.40,47.07,0.73,145.08,0.00,0.12,157.41,737.72,NA
2022-05-30 00:00:00,62.12,162.83,3.60,15.60,20.30,13.66,15.73,0.37,27.88,0.09,NA,NA,NA,0.15,0.06,35.11,49.81,0.64,117.97,0.00,0.12,173.28,738.60,NA
2022-05-31 00:00:00,86.18,225.48,4.67,24.22,30.16,10.85,25.21,0.51,27.27,0.12,NA,NA,NA,0.21,0.08,36.72,41.73,0.56,145.66,0.01,0.56,176.23,738.06,NA
2022-06-01 00:00:00,86.59,232.88,3.98,27.88,32.65,10.76,19.67,0.61,27.89,0.15,NA,NA,NA,0.24,0.10,36.52,39.30,0.52,164.07,0.00,0.44,192.12,738.44,NA
2022-06-02 00:00:00,96.43,217.28,8.23,37.38,48.05,11.85,21.50,0.73,28.78,0.18,NA,NA,NA,0.29,0.12,36.30,34.54,0.55,163.45,0.01,0.56,188.51,738.35,NA
2022-06-03 00:00:00,91.56,249.58,8.86,40.28,51.77,6.92,23.94,0.74,29.87,0.18,NA,NA,NA,0.30,0.12,36.35,33.13,0.34,159.77,0.00,0.44,153.57,737.78,NA
2022-06-04 00:00:00,79.41,231.05,8.89,36.88,48.54,6.39,21.48,0.65,37.23,0.16,NA,NA,NA,0.26,0.10,37.08,28.82,0.41,159.25,0.00,0.08,182.14,737.90,NA
2022-06-05 00:00:00,89.45,210.02,12.05,40.82,56.98,6.69,24.45,0.69,41.16,0.17,NA,NA,NA,0.28,0.11,36.94,28.87,0.38,160.42,0.01,1.00,177.21,738.27,NA
2022-06-06 00:00:00,70.13,202.72,7.29,37.63,46.90,7.38,18.89,0.74,19.44,0.18,NA,NA,NA,0.30,0.12,37.39,29.43,0.47,170.99,0.00,0.08,195.40,737.94,NA
2022-06-07 00:00:00,75.39,233.68,5.65,27.42,34.67,5.39,10.51,0.52,17.84,0.12,NA,NA,NA,0.21,0.08,37.27,30.68,0.63,195.40,0.00,0.20,183.93,737.29,NA
2022-06-08 00:00:00,111.26,391.10,7.46,28.38,38.26,5.22,15.43,0.55,18.30,0.13,NA,NA,NA,0.22,0.09,36.85,33.70,0.71,170.55,0.01,1.36,175.32,737.25,NA
2022-06-09 00:00:00,73.23,212.66,10.19,30.64,44.46,5.77,9.87,0.53,14.68,0.13,NA,NA,NA,0.21,0.08,37.46,29.96,0.54,182.69,0.00,0.20,194.51,736.84,NA
2022-06-10 00:00:00,94.40,215.69,13.90,29.40,48.72,6.04,17.43,0.65,19.16,0.16,NA,NA,NA,0.26,0.10,37.44,38.24,0.51,153.49,0.01,0.90,174.50,737.00,NA
2022-06-11 00:00:00,96.39,252.68,7.83,32.34,42.62,7.49,15.10,0.57,14.60,0.14,NA,NA,NA,0.23,0.09,37.89,34.75,0.62,176.99,0.00,0.08,177.89,737.34,NA
2022-06-12 00:00:00,68.55,181.12,8.91,27.19,39.25,6.56,13.24,0.48,15.69,0.12,NA,NA,NA,0.19,0.08,38.05,31.48,0.63,189.69,0.00,0.40,193.06,738.25,NA
2022-06-13 00:00:00,80.21,183.32,5.92,29.65,37.22,7.09,20.64,0.54,16.54,0.13,NA,NA,NA,0.21,0.09,38.46,33.86,0.61,180.70,0.00,0.20,178.04,739.18,NA
2022-06-14 00:00:00,64.08,154.67,4.17,19.35,24.75,5.32,19.39,0.37,18.09,0.09,NA,NA,NA,0.15,0.06,38.48,36.07,0.76,218.86,0.00,0.16,173.69,738.80,NA
2022-06-15 00:00:00,63.99,157.81,4.16,16.06,21.56,4.97,12.68,0.35,17.83,0.08,NA,NA,NA,0.14,0.06,37.95,39.42,0.81,225.50,0.01,1.16,161.19,738.13,NA
2022-06-16 00:00:00,37.35,89.75,3.45,11.24,15.90,5.09,6.66,0.21,23.63,0.05,NA,NA,NA,0.09,0.03,32.92,57.04,1.00,203.73,0.01,0.60,88.59,739.14,NA
2022-06-17 00:00:00,34.06,75.94,3.68,12.43,17.36,5.88,6.44,0.23,21.04,0.05,NA,NA,NA,0.09,0.04,34.62,52.14,0.64,205.49,0.01,0.57,169.33,739.28,NA
2022-06-18 00:00:00,33.64,94.08,3.60,13.00,17.78,6.07,7.54,0.26,21.85,0.06,NA,NA,NA,0.11,0.04,33.50,53.54,0.65,222.53,0.00,0.28,126.21,739.79,NA
2022-06-19 00:00:00,30.73,74.23,3.27,10.02,14.45,5.59,6.48,0.22,23.45,0.05,NA,NA,NA,0.09,0.04,33.45,54.43,0.88,234.65,0.00,0.40,171.68,739.49,NA
2022-06-20 00:00:00,22.64,52.82,3.30,9.66,14.16,5.44,6.04,0.18,22.50,0.04,NA,NA,NA,0.07,0.03,32.37,56.29,0.82,217.40,0.00,0.32,158.99,738.34,NA
2022-06-21 00:00:00,26.25,57.41,3.57,11.54,16.35,5.89,5.83,0.21,21.74,0.05,NA,NA,NA,0.09,0.03,31.02,65.04,0.70,165.99,0.03,2.51,146.70,737.93,NA
2022-06-22 00:00:00,41.55,78.62,3.99,17.48,22.67,9.58,6.39,0.31,25.40,0.07,NA,NA,NA,0.12,0.05,33.82,57.96,0.61,127.54,0.00,0.08,192.28,740.36,NA
2022-06-23 00:00:00,49.50,106.10,3.81,15.23,20.26,10.68,7.11,0.30,25.05,0.07,NA,NA,NA,0.12,0.05,35.27,53.64,0.64,147.95,0.00,0.28,181.37,740.74,NA
2022-06-24 00:00:00,47.49,129.49,2.82,21.90,23.36,11.56,17.83,0.43,30.62,0.10,NA,NA,NA,0.17,0.07,37.05,31.83,0.53,171.09,0.00,0.13,162.40,738.35,NA
2022-06-25 00:00:00,47.80,79.43,3.30,13.09,17.45,10.31,8.36,0.34,26.44,0.08,NA,NA,NA,0.13,0.05,35.21,54.95,0.73,110.62,0.01,1.28,162.41,737.91,NA
2022-06-26 00:00:00,37.57,64.43,2.73,7.37,11.09,9.18,7.69,0.24,25.96,0.06,NA,NA,NA,0.10,0.04,35.24,55.90,1.14,93.27,0.01,0.96,166.19,738.91,NA
2022-06-27 00:00:00,46.97,72.85,2.65,7.40,11.02,9.18,8.59,0.25,26.70,0.06,NA,NA,NA,0.10,0.04,35.75,55.22,0.91,103.09,0.01,0.79,153.32,739.66,NA
2022-06-28 00:00:00,47.80,79.91,2.78,10.55,14.23,9.64,8.02,0.27,25.25,0.06,NA,NA,NA,0.11,0.04,34.84,59.73,0.68,140.31,0.02,1.56,117.86,737.88,NA
2022-06-29 00:00:00,26.42,37.67,3.74,15.12,20.03,10.56,6.85,0.26,18.13,0.06,NA,NA,NA,0.11,0.04,30.15,78.21,0.72,149.78,0.08,7.79,63.90,737.29,NA
2022-06-30 00:00:00,18.86,23.91,3.79,14.39,19.42,10.47,6.89,0.28,26.38,0.07,NA,NA,NA,0.11,0.04,26.70,87.26,0.48,146.07,0.26,24.61,29.29,738.25,NA
2022-07-01 00:00:00,18.86,36.49,4.90,15.26,21.89,7.97,9.48,0.26,19.16,0.06,NA,NA,NA,0.11,0.04,30.58,75.03,0.45,141.92,0.00,0.20,139.15,738.39,NA
2022-07-02 00:00:00,33.57,64.14,3.99,14.12,19.45,6.12,6.27,0.32,19.13,0.08,NA,NA,NA,0.13,0.05,30.64,76.20,0.45,138.61,0.01,0.84,66.20,737.53,NA
2022-07-03 00:00:00,34.08,53.34,2.10,9.25,11.98,5.12,5.41,0.26,21.98,0.06,NA,NA,NA,0.11,0.04,32.54,72.09,0.61,107.14,0.00,0.20,145.76,737.91,NA
2022-07-04 00:00:00,28.38,50.96,1.96,8.46,11.02,4.96,5.56,0.27,24.39,0.06,NA,NA,NA,0.11,0.04,34.22,65.47,0.70,95.92,0.01,0.92,150.31,737.41,NA
2022-07-05 00:00:00,38.27,65.85,1.72,7.24,9.48,4.61,5.83,0.26,25.68,0.06,NA,NA,NA,0.10,0.04,34.54,64.10,0.91,89.20,0.00,0.36,158.68,737.28,NA
2022-07-06 00:00:00,32.88,65.49,1.64,6.38,8.54,4.42,6.16,0.24,26.40,0.06,NA,NA,NA,0.09,0.04,35.23,60.42,1.07,87.23,0.00,0.40,155.66,739.07,NA
2022-07-07 00:00:00,18.40,47.16,1.48,5.01,7.00,4.08,6.00,0.19,23.84,0.04,NA,NA,NA,0.08,0.03,34.39,59.30,1.12,89.71,0.01,0.93,166.08,740.36,NA
2022-07-08 00:00:00,25.06,57.60,1.75,6.82,9.13,10.11,5.47,0.25,23.38,0.06,NA,NA,NA,0.10,0.04,35.37,57.66,0.74,93.86,0.01,1.43,147.90,738.58,NA
2022-07-09 00:00:00,28.54,66.28,1.59,6.13,8.23,11.81,5.52,0.28,24.63,0.07,NA,NA,NA,0.11,0.04,34.04,62.02,1.07,91.31,0.00,0.24,132.55,737.37,NA
2022-07-10 00:00:00,17.05,42.15,1.49,5.14,7.13,9.90,5.12,0.24,22.89,0.06,NA,NA,NA,0.10,0.04,34.99,57.11,0.89,91.06,0.00,0.44,180.44,737.78,NA
2022-07-11 00:00:00,21.67,52.78,1.48,5.92,7.87,8.87,5.28,0.27,24.51,0.07,NA,NA,NA,0.11,0.04,34.95,57.50,0.86,90.51,0.01,1.24,143.59,738.21,NA
2022-07-12 00:00:00,21.92,54.94,1.62,5.64,7.81,23.54,5.00,0.27,23.32,0.07,NA,NA,NA,0.11,0.04,35.16,57.82,0.96,88.09,0.01,0.72,164.47,737.76,NA
2022-07-13 00:00:00,19.28,55.76,1.52,5.69,7.70,31.58,5.60,0.25,23.98,0.06,NA,NA,NA,0.10,0.04,35.19,55.45,1.07,86.93,0.00,0.32,168.77,736.46,NA
2022-07-14 00:00:00,18.08,69.77,1.52,5.58,7.61,24.52,5.87,0.25,24.52,0.06,NA,NA,NA,0.10,0.04,34.69,57.73,1.30,91.38,0.03,2.43,169.44,736.12,NA
2022-07-15 00:00:00,15.85,38.98,1.65,6.42,8.59,26.33,5.51,0.23,29.97,0.06,NA,NA,NA,0.10,0.04,35.83,53.32,1.50,91.88,0.01,0.62,224.46,737.62,NA
2022-07-16 00:00:00,18.06,34.58,1.53,7.09,9.07,22.49,5.77,0.24,23.36,0.06,NA,NA,NA,0.10,0.04,33.46,63.78,0.93,109.09,0.01,0.88,165.83,738.47,NA
2022-07-17 00:00:00,18.79,41.61,1.44,5.33,7.24,16.23,5.81,0.25,23.28,0.06,NA,NA,NA,0.10,0.04,34.82,58.92,0.96,94.51,0.00,0.48,151.59,739.56,NA
2022-07-18 00:00:00,21.10,51.94,1.47,6.56,8.46,25.31,5.17,0.25,23.64,0.06,NA,NA,NA,0.10,0.04,35.01,57.50,1.11,88.81,0.01,0.92,180.03,738.66,NA
2022-07-19 00:00:00,31.19,64.88,1.49,9.94,11.75,32.17,6.38,0.28,24.79,0.07,NA,NA,NA,0.11,0.04,35.38,57.91,0.74,102.71,0.00,0.32,152.15,737.93,NA
2022-07-20 00:00:00,31.43,45.54,1.70,10.68,12.76,21.20,5.69,0.28,21.02,0.07,NA,NA,NA,0.11,0.05,31.68,73.95,0.71,171.19,0.49,36.52,103.83,738.31,NA
2022-07-21 00:00:00,17.23,27.22,1.99,14.88,17.22,27.92,5.36,0.42,21.50,0.10,NA,NA,NA,0.17,0.07,28.81,85.73,0.38,177.48,0.24,14.44,82.65,740.65,NA
2022-07-22 00:00:00,17.19,40.47,2.49,10.92,14.16,18.40,2.46,0.38,20.10,0.09,NA,NA,NA,0.15,0.06,28.62,87.69,0.54,89.11,0.07,7.05,94.86,740.81,NA
2022-07-23 00:00:00,16.08,36.16,1.91,9.69,12.14,25.96,2.89,0.31,20.87,0.07,NA,NA,NA,0.12,0.05,30.07,80.70,0.86,80.30,0.02,1.50,83.70,739.36,NA
2022-07-24 00:00:00,19.66,36.55,1.42,8.22,9.99,17.13,3.13,0.28,24.83,0.07,NA,NA,NA,0.11,0.04,31.14,73.91,1.03,88.21,0.03,2.52,148.43,739.72,NA
2022-07-25 00:00:00,14.29,23.23,1.36,7.78,9.48,10.74,2.91,0.27,22.82,0.06,NA,NA,NA,0.11,0.04,28.47,83.70,0.85,96.73,0.06,6.05,109.18,741.62,NA
2022-07-26 00:00:00,19.85,30.70,1.65,8.27,10.39,9.46,2.67,0.27,20.48,0.07,NA,NA,NA,0.11,0.04,28.27,85.44,0.68,94.26,0.00,0.03,125.48,743.36,NA
2022-07-27 00:00:00,6.78,26.42,2.03,12.29,14.57,20.35,3.03,0.32,17.52,0.08,NA,NA,NA,0.13,0.05,29.28,84.09,0.52,129.36,0.29,17.95,112.27,742.79,NA
2022-07-28 00:00:00,12.67,25.70,3.76,15.99,20.91,11.09,2.31,0.38,14.19,0.09,NA,NA,NA,0.15,0.06,27.22,91.62,0.31,149.46,0.13,12.35,51.13,743.43,NA
2022-07-29 00:00:00,13.57,33.43,2.13,11.48,14.17,12.84,5.56,0.32,17.46,0.08,NA,NA,NA,0.13,0.05,29.55,82.17,0.50,196.59,0.00,0.36,113.03,742.65,NA
2022-07-30 00:00:00,13.31,32.72,3.66,13.66,18.54,9.47,7.48,0.38,14.81,0.09,NA,NA,NA,0.15,0.06,27.84,89.54,0.43,186.32,0.11,10.58,47.53,741.52,NA
2022-07-31 00:00:00,21.02,56.90,4.69,15.18,21.51,13.52,7.84,0.44,15.61,0.10,NA,NA,NA,0.17,0.07,30.12,81.91,0.43,178.01,0.00,0.32,106.82,739.56,NA
2022-08-01 00:00:00,21.24,62.05,2.02,14.28,16.70,15.26,8.18,0.33,18.16,0.08,NA,NA,NA,0.13,0.05,32.28,71.49,0.57,214.64,0.01,0.98,149.23,739.57,NA
2022-08-02 00:00:00,14.49,40.49,1.71,12.11,14.15,20.68,8.26,0.32,18.46,0.08,NA,NA,NA,0.13,0.05,31.68,73.46,0.46,188.33,0.01,0.59,127.84,739.17,NA
2022-08-03 00:00:00,15.17,29.00,2.89,17.25,20.47,31.79,8.39,0.47,16.56,0.11,NA,NA,NA,0.19,0.08,28.27,89.17,0.42,149.46,0.26,14.75,65.26,740.49,NA
2022-08-04 00:00:00,26.31,43.87,2.84,14.06,17.70,19.70,8.50,0.45,14.84,0.11,NA,NA,NA,0.18,0.07,28.88,88.10,0.40,127.54,0.04,4.13,82.91,740.58,NA
2022-08-05 00:00:00,32.03,49.04,1.46,12.65,14.31,16.33,9.30,0.42,20.75,0.10,NA,NA,NA,0.17,0.07,30.35,82.31,0.44,128.23,0.21,19.85,124.64,739.50,NA
2022-08-06 00:00:00,39.65,63.08,2.85,16.22,19.79,56.58,8.82,0.51,16.30,0.12,NA,NA,NA,0.20,0.08,30.39,85.53,0.26,119.06,0.21,20.33,81.32,738.05,NA
2022-08-07 00:00:00,20.96,36.82,1.76,12.07,14.20,41.86,8.69,0.39,17.21,0.09,NA,NA,NA,0.15,0.06,27.92,89.49,0.65,118.40,0.12,11.28,59.38,738.08,NA
2022-08-08 00:00:00,15.52,33.42,1.53,11.59,13.39,34.17,9.48,0.40,18.56,0.09,NA,NA,NA,0.16,0.06,30.82,79.29,0.60,130.97,0.01,0.50,157.19,737.35,NA
2022-08-09 00:00:00,15.37,31.64,1.18,7.88,9.31,28.87,10.60,0.33,21.07,0.08,NA,NA,NA,0.13,0.05,32.17,73.37,0.97,85.49,0.00,0.12,157.71,736.82,NA
2022-08-10 00:00:00,10.26,34.13,1.31,9.99,11.53,41.36,12.68,0.30,19.45,0.07,NA,NA,NA,0.12,0.05,30.91,72.86,1.29,80.99,0.01,0.90,130.22,735.66,NA
2022-08-11 00:00:00,8.37,33.73,1.24,9.90,11.33,28.86,11.88,0.29,20.67,0.07,NA,NA,NA,0.12,0.05,30.37,73.02,1.40,79.58,0.01,0.61,112.85,736.88,NA
2022-08-12 00:00:00,10.40,23.55,1.25,9.29,10.78,20.28,11.77,0.31,18.43,0.07,NA,NA,NA,0.12,0.05,29.01,81.00,0.93,88.64,0.00,0.19,76.47,737.62,NA
2022-08-13 00:00:00,15.63,30.44,1.82,12.54,14.41,16.83,11.80,0.38,16.34,0.09,NA,NA,NA,0.15,0.06,29.47,84.72,0.36,134.44,0.08,7.24,77.98,738.16,NA
2022-08-14 00:00:00,17.10,33.51,2.39,13.07,16.08,20.24,9.83,0.47,15.33,0.11,NA,NA,NA,0.19,0.07,29.04,87.81,0.51,144.56,0.27,25.57,75.29,739.23,NA
2022-08-15 00:00:00,6.17,22.13,1.41,8.67,10.41,40.77,6.33,0.29,19.52,0.07,NA,NA,NA,0.12,0.04,28.60,81.35,1.37,84.04,0.02,1.63,92.53,738.78,NA
2022-08-16 00:00:00,4.21,17.12,1.40,9.47,11.17,31.30,6.79,0.27,18.05,0.06,NA,NA,NA,0.11,0.04,29.62,77.02,1.07,102.77,0.00,0.26,119.45,740.23,NA
2022-08-17 00:00:00,7.96,26.92,1.78,10.60,12.81,25.01,6.18,0.30,15.11,0.07,NA,NA,NA,0.12,0.05,31.48,72.03,0.49,161.55,0.00,0.35,144.61,741.58,NA
2022-08-18 00:00:00,10.39,37.20,1.86,11.53,13.81,35.28,7.39,0.30,15.81,0.07,NA,NA,NA,0.12,0.05,31.63,72.19,0.67,216.26,0.00,0.16,151.36,740.38,NA
2022-08-19 00:00:00,15.43,50.76,1.74,12.19,14.28,21.95,7.69,0.32,18.17,0.08,NA,NA,NA,0.13,0.05,31.47,74.39,0.62,198.21,0.03,2.78,125.01,739.93,NA
2022-08-20 00:00:00,9.15,24.03,1.69,12.20,14.21,15.25,7.41,0.36,17.84,0.09,NA,NA,NA,0.14,0.06,29.08,83.46,0.57,190.72,0.18,16.93,117.50,740.06,NA
2022-08-21 00:00:00,13.72,36.45,1.60,12.40,14.28,11.44,7.16,0.38,17.48,0.09,NA,NA,NA,0.15,0.06,28.50,84.72,0.82,104.17,0.01,0.98,63.19,737.71,NA
2022-08-22 00:00:00,19.17,36.43,1.54,9.68,11.57,19.30,7.01,0.32,19.43,0.07,NA,NA,NA,0.13,0.05,29.11,81.27,1.03,85.45,0.02,2.02,108.27,737.02,NA
2022-08-23 00:00:00,8.47,27.18,1.62,9.58,11.59,20.97,7.65,0.29,17.28,0.07,NA,NA,NA,0.11,0.04,30.44,72.73,0.59,138.77,0.01,0.65,147.56,740.19,NA
2022-08-24 00:00:00,15.85,36.01,1.53,11.02,12.85,14.35,7.73,0.35,17.52,0.08,NA,NA,NA,0.14,0.06,29.17,80.76,0.39,111.60,0.00,0.42,69.48,742.77,NA
2022-08-25 00:00:00,24.18,52.55,2.14,13.38,16.02,17.86,7.54,0.43,15.47,0.10,NA,NA,NA,0.17,0.07,28.99,83.26,0.39,187.88,0.01,0.51,81.04,741.74,NA
2022-08-26 00:00:00,20.36,46.88,1.93,12.34,14.69,18.50,7.90,0.37,16.77,0.09,NA,NA,NA,0.15,0.06,29.92,82.69,0.50,192.74,0.03,2.52,93.30,740.89,NA
2022-08-27 00:00:00,23.22,54.62,1.53,11.87,13.65,13.62,8.40,0.35,19.52,0.08,NA,NA,NA,0.14,0.06,31.37,77.21,0.59,214.62,0.00,0.20,123.69,740.22,NA
2022-08-28 00:00:00,31.53,84.78,1.46,12.05,13.72,10.39,8.74,0.37,17.78,0.09,NA,NA,NA,0.15,0.06,30.41,78.58,0.47,181.06,0.00,0.32,65.27,741.35,NA
2022-08-29 00:00:00,20.95,43.53,1.87,12.17,14.44,13.26,8.19,0.41,16.26,0.10,NA,NA,NA,0.16,0.07,28.72,85.30,0.39,141.26,0.09,8.88,80.71,744.14,NA
2022-08-30 00:00:00,23.47,50.95,1.93,13.50,15.81,13.80,8.32,0.48,16.27,0.11,NA,NA,NA,0.19,0.08,29.00,85.44,0.31,163.29,0.01,0.56,70.44,744.33,NA
2022-08-31 00:00:00,24.02,54.78,1.77,13.45,15.53,10.08,8.55,0.43,16.74,0.10,NA,NA,NA,0.17,0.07,29.99,83.67,0.43,178.41,0.04,3.83,90.96,742.58,NA
2022-09-01 00:00:00,21.10,55.33,1.53,11.20,13.02,8.23,8.69,0.36,18.51,0.09,NA,NA,NA,0.14,0.06,30.11,81.36,0.56,178.09,0.01,1.07,90.64,742.68,NA
2022-09-02 00:00:00,11.23,35.78,1.41,11.01,12.65,6.86,8.94,0.33,20.39,0.08,NA,NA,NA,0.13,0.05,29.88,78.55,0.43,186.66,0.00,0.19,98.32,743.76,NA
2022-09-03 00:00:00,17.29,51.54,1.49,12.26,13.97,6.43,9.37,0.34,21.20,0.08,NA,NA,NA,0.14,0.05,31.38,73.43,0.63,203.49,0.00,0.31,129.43,741.53,NA
2022-09-04 00:00:00,17.34,45.74,1.45,11.18,12.88,6.45,9.66,0.33,20.08,0.08,NA,NA,NA,0.13,0.05,32.00,71.67,0.55,192.76,0.00,0.44,133.47,740.85,NA
2022-09-05 00:00:00,24.74,60.22,1.73,12.95,15.00,18.99,9.04,0.37,17.53,0.09,NA,NA,NA,0.15,0.06,32.61,69.58,0.46,186.22,0.00,0.00,130.86,741.76,NA
2022-09-06 00:00:00,28.10,75.56,2.06,15.93,18.34,36.59,10.20,0.43,18.41,0.10,NA,NA,NA,0.17,0.07,32.74,67.59,0.36,160.39,0.00,0.28,122.56,742.59,NA
2022-09-07 00:00:00,39.43,78.43,2.28,17.92,20.59,21.92,10.31,0.54,18.44,0.13,NA,NA,NA,0.22,0.09,31.20,76.40,0.23,98.89,0.16,14.96,101.21,743.76,NA
2022-09-08 00:00:00,39.85,62.23,1.85,12.57,14.82,16.46,9.87,0.42,18.99,0.10,NA,NA,NA,0.17,0.07,31.78,76.53,0.49,98.53,0.00,0.44,124.16,744.38,NA
2022-09-09 00:00:00,26.36,45.37,1.55,11.85,13.53,11.40,5.57,0.38,18.57,0.09,NA,NA,NA,0.15,0.06,31.45,75.84,0.57,91.37,0.00,0.00,114.50,743.94,NA
2022-09-10 00:00:00,25.09,63.40,1.25,10.95,12.11,14.63,4.89,0.37,19.62,0.09,NA,NA,NA,0.14,0.06,31.39,75.75,0.68,76.51,0.00,0.00,109.82,743.13,NA
2022-09-11 00:00:00,20.25,49.57,1.19,10.83,12.17,14.55,5.73,0.37,21.38,0.09,NA,NA,NA,0.15,0.06,30.92,74.25,0.89,86.29,0.00,0.04,111.22,741.17,NA
2022-09-12 00:00:00,11.77,26.74,1.11,9.89,11.15,14.53,6.39,0.31,17.80,0.07,NA,NA,NA,0.12,0.05,28.78,79.80,1.13,78.25,0.01,0.99,88.99,739.62,NA
2022-09-13 00:00:00,9.80,21.13,0.96,9.06,10.12,16.36,6.73,0.30,16.43,0.07,NA,NA,NA,0.12,0.05,26.89,88.26,1.17,75.65,0.08,7.39,43.98,739.68,NA
2022-09-14 00:00:00,8.18,15.86,1.06,10.07,11.24,19.20,7.49,0.32,17.80,0.08,NA,NA,NA,0.13,0.05,25.74,94.72,1.03,72.87,0.58,44.87,20.47,740.10,NA
2022-09-15 00:00:00,3.36,13.98,1.75,11.07,13.21,18.76,12.07,0.31,15.21,0.07,NA,NA,NA,0.12,0.05,25.94,94.35,0.80,137.83,0.42,40.01,36.26,738.41,NA
2022-09-16 00:00:00,7.63,21.84,3.02,13.09,17.03,20.45,12.84,0.40,17.83,0.09,NA,NA,NA,0.16,0.06,26.82,90.68,0.85,185.52,0.11,10.70,54.77,736.75,NA
2022-09-17 00:00:00,12.36,35.47,3.42,12.94,17.48,23.16,12.98,0.43,15.21,0.10,NA,NA,NA,0.17,0.07,28.13,83.98,0.42,193.81,0.00,0.40,84.10,740.36,NA
2022-09-18 00:00:00,18.00,45.85,2.72,12.07,15.61,23.44,11.02,0.43,16.55,0.10,NA,NA,NA,0.17,0.07,29.64,78.18,0.37,165.79,0.00,0.20,115.81,741.93,NA
2022-09-19 00:00:00,24.24,53.14,4.13,13.40,18.97,23.44,10.79,0.51,15.33,0.12,NA,NA,NA,0.20,0.08,29.18,84.22,0.35,128.49,0.16,15.06,78.47,742.15,NA
2022-09-20 00:00:00,14.74,30.71,2.88,12.18,15.94,23.52,11.14,0.38,14.96,0.09,NA,NA,NA,0.15,0.06,28.84,83.73,0.40,114.81,0.01,0.92,101.62,742.07,NA
2022-09-21 00:00:00,18.24,35.11,4.14,15.09,20.60,23.47,11.09,0.52,13.53,0.13,NA,NA,NA,0.21,0.08,26.40,96.25,0.42,131.30,0.43,40.93,12.19,741.14,NA
2022-09-22 00:00:00,19.36,35.07,2.99,13.12,17.01,42.05,10.91,0.55,14.66,0.13,NA,NA,NA,0.22,0.09,27.18,92.90,0.63,93.42,0.12,11.75,51.52,740.73,NA
2022-09-23 00:00:00,12.55,30.44,2.88,11.76,15.56,46.59,11.57,0.64,13.97,0.16,NA,NA,NA,0.26,0.10,28.04,88.54,0.56,116.74,0.01,1.32,94.25,741.00,NA
2022-09-24 00:00:00,15.58,38.93,2.77,11.65,15.26,35.40,11.75,0.61,14.06,0.15,NA,NA,NA,0.24,0.10,27.09,86.77,0.51,146.30,0.00,0.00,60.14,741.44,NA
2022-09-25 00:00:00,21.24,49.27,5.16,13.26,20.34,26.65,11.93,0.71,14.32,0.17,NA,NA,NA,0.28,0.12,27.55,88.93,0.36,141.80,0.28,26.96,75.36,742.98,NA
2022-09-26 00:00:00,18.35,45.40,5.59,14.45,22.11,26.18,11.75,0.68,13.89,0.16,NA,NA,NA,0.27,0.11,26.99,90.77,0.30,133.03,0.24,23.45,70.52,744.34,NA
2022-09-27 00:00:00,27.43,63.65,3.73,15.20,20.10,24.28,11.97,0.62,14.84,0.15,NA,NA,NA,0.25,0.10,29.10,81.51,0.35,175.82,0.00,0.28,98.56,743.49,NA
2022-09-28 00:00:00,50.19,107.41,4.23,18.15,23.67,26.27,11.85,0.76,17.33,0.18,NA,NA,NA,0.30,0.12,29.67,78.30,0.30,141.68,0.00,0.42,105.98,742.90,NA
2022-09-29 00:00:00,38.98,98.07,6.15,21.55,29.76,28.61,12.40,0.68,16.00,0.16,NA,NA,NA,0.27,0.11,30.30,75.43,0.30,141.76,0.00,0.18,108.65,742.73,NA
2022-09-30 00:00:00,55.64,109.92,9.68,22.43,35.82,28.57,12.53,0.87,16.53,0.21,NA,NA,NA,0.35,0.14,29.68,76.48,0.26,122.26,0.00,0.08,98.03,742.85,NA
2022-10-01 00:00:00,57.55,102.03,8.77,23.11,35.12,28.65,12.58,0.85,15.03,0.20,NA,NA,NA,0.34,0.14,29.08,79.72,0.34,152.71,0.00,0.00,117.61,742.82,NA
2022-10-02 00:00:00,NA,NA,NA,NA,NA,NA,NA,NA,NA,NA,NA,NA,NA,NA,NA,NA,NA,NA,NA,NA,0.00,NA,NA,NA
2022-10-03 00:00:00,60.09,138.73,4.23,21.11,25.96,28.84,12.35,0.72,26.64,0.17,NA,NA,NA,0.29,0.11,31.51,68.16,0.35,140.19,0.00,0.07,91.30,742.81,NA
2022-10-04 00:00:00,40.66,74.67,6.37,18.21,26.88,28.80,13.28,0.68,14.99,0.16,NA,NA,NA,0.27,0.11,29.16,80.26,0.66,81.30,0.00,0.00,76.42,744.01,NA
2022-10-05 00:00:00,7.60,16.82,2.90,13.46,17.21,28.87,12.76,0.43,14.57,0.10,NA,NA,NA,0.17,0.07,25.25,93.30,0.62,88.54,0.28,27.02,29.41,744.02,NA
2022-10-06 00:00:00,8.18,18.45,2.70,12.06,15.57,28.89,12.82,0.42,14.05,0.10,NA,NA,NA,0.17,0.07,25.51,92.56,0.62,104.76,0.01,1.37,33.15,744.31,NA
2022-10-07 00:00:00,13.59,24.26,2.75,12.53,16.09,27.75,12.37,0.43,14.61,0.10,NA,NA,NA,0.17,0.07,25.24,93.17,0.59,99.65,0.04,3.86,40.08,745.30,NA
2022-10-08 00:00:00,10.55,22.46,2.79,12.13,15.76,19.48,13.84,0.42,14.17,0.10,NA,NA,NA,0.17,0.07,26.99,89.06,0.67,93.72,0.08,7.57,75.98,745.45,NA
2022-10-09 00:00:00,13.26,26.65,3.09,12.40,16.47,16.87,13.90,0.45,14.26,0.11,NA,NA,NA,0.18,0.07,27.07,88.61,0.62,132.94,0.53,50.76,64.89,745.71,NA
2022-10-10 00:00:00,10.51,12.88,2.44,12.74,15.83,16.27,13.19,0.39,15.87,0.09,NA,NA,NA,0.16,0.06,23.30,96.02,0.60,98.25,0.64,61.24,25.04,746.88,NA
2022-10-11 00:00:00,15.05,27.84,4.20,13.06,18.74,14.66,13.62,0.51,13.61,0.12,NA,NA,NA,0.20,0.08,25.13,91.86,0.33,111.95,0.01,0.71,42.80,745.68,NA
2022-10-12 00:00:00,23.13,51.22,7.07,14.80,24.64,12.45,14.05,0.68,14.82,0.16,NA,NA,NA,0.27,0.11,26.56,86.18,0.33,160.29,0.00,0.16,76.07,746.09,NA
2022-10-13 00:00:00,53.93,95.87,17.30,18.81,43.57,15.12,14.79,0.90,15.74,0.22,NA,NA,NA,0.36,0.14,26.44,82.63,0.24,139.27,0.00,0.30,78.69,747.08,NA
2022-10-14 00:00:00,65.91,119.56,10.12,22.52,36.54,16.70,14.76,0.72,19.90,0.17,NA,NA,NA,0.29,0.11,26.51,78.27,0.23,111.75,0.00,0.28,99.85,747.02,NA
2022-10-15 00:00:00,47.67,100.92,13.92,25.64,45.14,16.98,14.38,0.63,18.63,0.15,NA,NA,NA,0.25,0.10,26.10,78.57,0.25,93.96,0.00,0.12,86.95,746.52,NA
2022-10-16 00:00:00,42.88,90.85,14.63,23.64,44.27,17.08,14.40,0.63,17.37,0.15,NA,NA,NA,0.25,0.10,26.15,75.00,0.22,102.97,0.00,0.12,94.47,748.30,NA
2022-10-17 00:00:00,40.13,87.15,5.90,24.10,31.85,17.28,14.32,0.49,19.06,0.12,NA,NA,NA,0.19,0.08,26.27,74.05,0.29,159.12,0.00,0.21,91.79,748.37,NA
2022-10-18 00:00:00,56.31,122.90,7.03,24.90,34.29,21.95,14.71,0.58,21.71,0.14,NA,NA,NA,0.23,0.09,26.42,73.76,0.28,144.39,0.00,0.00,88.78,747.40,NA
2022-10-19 00:00:00,48.68,123.13,21.18,30.24,60.27,21.48,15.51,0.71,20.78,0.17,NA,NA,NA,0.28,0.11,26.29,72.49,0.20,111.70,0.00,0.16,90.05,747.45,NA
2022-10-20 00:00:00,67.18,144.04,10.31,29.93,43.96,18.50,15.70,0.64,19.80,0.15,NA,NA,NA,0.25,0.10,26.18,72.98,0.20,100.97,0.00,0.30,87.40,748.69,NA
2022-10-21 00:00:00,68.24,152.91,10.33,32.37,46.33,17.49,16.09,0.67,20.82,0.16,NA,NA,NA,0.27,0.11,26.16,71.27,0.27,145.17,0.00,0.00,86.67,749.51,NA
2022-10-22 00:00:00,96.52,188.39,15.98,34.86,57.03,17.30,16.60,0.79,19.65,0.19,NA,NA,NA,0.31,0.13,26.01,72.20,0.26,135.07,0.01,1.36,86.77,749.66,NA
2022-10-23 00:00:00,134.80,226.60,27.65,36.76,76.07,17.60,17.46,1.22,18.32,0.29,NA,NA,NA,0.49,0.20,25.52,75.75,0.22,110.31,0.02,1.45,79.63,748.81,NA
2022-10-24 00:00:00,156.71,228.13,12.32,27.14,44.23,19.24,14.24,0.90,23.11,0.21,NA,NA,NA,0.36,0.14,25.09,69.79,0.33,171.45,0.03,2.85,90.15,745.36,NA
2022-10-25 00:00:00,126.80,192.36,2.56,24.91,27.71,22.20,11.42,0.62,25.71,0.15,NA,NA,NA,0.25,0.10,24.03,65.52,0.34,152.34,0.03,3.07,88.20,744.80,NA
2022-10-26 00:00:00,63.21,131.20,8.68,31.93,43.47,22.07,11.83,0.85,23.60,0.20,NA,NA,NA,0.34,0.14,24.42,67.80,0.20,98.14,0.01,1.03,85.58,747.78,NA
2022-10-27 00:00:00,105.02,194.68,23.43,33.10,66.32,21.71,11.88,1.10,23.62,0.26,NA,NA,NA,0.44,0.18,24.23,71.59,0.19,98.02,0.01,1.04,78.42,747.98,NA
2022-10-28 00:00:00,103.51,182.72,5.25,35.46,41.82,24.96,11.50,0.92,24.33,0.22,NA,NA,NA,0.37,0.15,24.37,73.58,0.19,79.11,0.00,0.08,76.17,747.93,NA
2022-10-29 00:00:00,102.02,178.62,3.12,28.92,32.38,24.83,11.56,0.84,22.84,0.20,NA,NA,NA,0.33,0.13,24.44,75.61,0.16,71.96,0.00,0.28,72.76,748.41,NA
2022-10-30 00:00:00,135.86,231.01,12.83,34.69,52.25,25.34,11.74,1.24,22.71,0.30,NA,NA,NA,0.50,0.20,24.19,79.41,0.16,81.73,0.00,0.00,65.47,748.64,NA
2022-10-31 00:00:00,128.24,207.49,23.85,31.61,65.52,30.47,11.56,1.18,25.74,0.28,NA,NA,NA,0.47,0.19,24.23,74.45,0.18,98.70,0.00,0.23,77.54,748.67,NA
2022-11-01 00:00:00,109.33,209.12,35.43,37.91,88.63,29.79,14.85,1.11,17.83,0.27,NA,NA,NA,0.44,0.18,23.87,69.88,0.19,86.88,0.00,0.40,78.50,749.01,NA
2022-11-02 00:00:00,99.75,209.84,28.53,37.22,77.80,26.62,18.84,0.99,19.58,0.24,NA,NA,NA,0.39,0.16,24.40,67.72,0.29,128.68,0.00,0.00,73.81,747.40,NA
2022-11-03 00:00:00,155.76,330.17,14.51,45.93,65.52,31.83,19.89,1.27,18.22,0.30,NA,NA,NA,0.51,0.20,23.85,75.04,0.19,109.21,0.00,0.40,65.31,746.85,NA
2022-11-04 00:00:00,109.27,238.07,8.40,44.45,55.10,37.66,20.22,1.59,25.50,0.38,NA,NA,NA,0.64,0.25,23.94,79.67,0.22,116.03,0.00,0.40,61.86,748.14,NA
2022-11-05 00:00:00,116.42,211.44,5.18,28.16,34.69,36.67,19.04,1.04,14.74,0.25,NA,NA,NA,0.41,0.17,24.26,81.10,0.22,81.18,0.00,0.16,62.43,749.37,NA
2022-11-06 00:00:00,73.41,158.41,4.37,27.50,32.86,32.89,19.18,0.84,15.34,0.20,NA,NA,NA,0.33,0.13,24.58,75.71,0.19,74.25,0.00,0.00,69.87,749.64,NA
2022-11-07 00:00:00,95.70,189.12,6.04,34.11,41.67,30.86,19.23,0.80,14.61,0.19,NA,NA,NA,0.32,0.13,24.31,74.02,0.20,81.62,0.00,0.00,64.71,749.21,NA
2022-11-08 00:00:00,74.84,162.08,4.61,31.68,37.24,30.02,19.22,0.74,15.45,0.18,NA,NA,NA,0.30,0.12,24.75,71.95,0.19,94.32,0.00,0.00,64.44,749.14,NA
2022-11-09 00:00:00,103.66,200.09,3.08,28.22,31.66,30.16,19.75,0.83,25.84,0.20,NA,NA,NA,0.33,0.13,24.45,75.89,0.20,120.53,0.00,0.00,57.85,749.41,NA
2022-11-10 00:00:00,107.32,213.47,5.78,33.73,40.94,30.55,19.36,1.04,14.21,0.25,NA,NA,NA,0.42,0.17,23.78,78.60,0.23,128.51,0.00,0.36,59.46,749.69,NA
2022-11-11 00:00:00,102.78,230.86,3.39,34.67,38.32,31.41,21.49,0.96,27.66,0.23,NA,NA,NA,0.38,0.15,22.48,70.42,0.35,153.28,0.00,0.00,64.56,749.72,NA
2022-11-12 00:00:00,115.58,244.08,3.25,40.70,43.91,30.31,21.49,0.94,16.13,0.22,NA,NA,NA,0.38,0.15,20.87,68.49,0.29,152.67,0.00,0.16,62.20,749.61,NA
2022-11-13 00:00:00,117.92,260.08,5.27,45.00,51.02,29.07,23.78,1.06,18.36,0.25,NA,NA,NA,0.42,0.17,20.31,67.62,0.27,135.62,0.00,0.12,61.65,749.13,NA
2022-11-14 00:00:00,124.98,287.93,18.83,61.10,86.46,32.37,23.56,1.64,19.56,0.39,NA,NA,NA,0.66,0.26,20.66,73.62,0.15,96.86,0.00,0.00,57.42,749.44,NA
2022-11-15 00:00:00,75.01,194.09,28.99,53.07,93.70,31.02,23.74,1.34,17.47,0.32,NA,NA,NA,0.54,0.21,21.68,67.79,0.30,138.44,0.00,0.12,67.46,749.01,NA
2022-11-16 00:00:00,72.32,181.41,15.88,46.84,68.41,30.60,24.22,1.00,17.98,0.24,NA,NA,NA,0.40,0.16,22.37,66.43,0.31,164.58,0.00,0.28,62.35,748.09,NA
2022-11-17 00:00:00,71.41,167.33,2.80,34.33,37.13,26.74,24.59,0.73,21.70,0.18,NA,NA,NA,0.29,0.12,20.36,60.16,0.49,183.97,0.00,0.24,65.30,748.55,NA
2022-11-18 00:00:00,80.48,208.71,13.87,46.67,65.29,29.34,23.22,1.01,23.39,0.24,NA,NA,NA,0.40,0.16,18.86,68.19,0.29,149.52,0.00,0.12,63.66,749.40,NA
2022-11-19 00:00:00,108.65,282.21,78.73,50.76,164.76,31.18,22.98,2.00,17.97,0.48,NA,NA,NA,0.80,0.32,18.77,72.82,0.23,120.59,0.00,0.16,62.26,749.47,NA
2022-11-20 00:00:00,81.95,219.55,24.00,47.65,81.16,37.81,24.83,1.29,18.47,0.31,NA,NA,NA,0.51,0.21,19.51,72.68,0.18,116.02,0.00,0.12,59.42,748.57,NA
2022-11-21 00:00:00,74.27,216.31,10.84,49.05,63.11,35.84,25.00,1.04,18.84,0.25,NA,NA,NA,0.42,0.17,19.74,71.92,0.23,131.36,0.00,0.20,60.44,747.78,NA
2022-11-22 00:00:00,76.70,220.32,19.21,50.63,76.97,32.65,26.28,1.22,15.42,0.29,NA,NA,NA,0.49,0.20,19.27,68.58,0.26,129.52,0.00,0.16,62.73,748.07,NA
2022-11-23 00:00:00,76.58,220.81,18.73,55.00,80.45,29.68,32.60,1.17,16.04,0.28,NA,NA,NA,0.47,0.19,18.82,65.36,0.27,140.04,0.00,0.00,60.45,748.40,NA
2022-11-24 00:00:00,69.32,206.10,17.15,55.44,78.54,28.07,33.64,1.10,15.86,0.26,NA,NA,NA,0.44,0.18,18.46,64.65,0.26,135.78,0.01,0.52,61.84,748.61,NA
2022-11-25 00:00:00,92.62,262.94,49.75,64.40,135.18,29.43,28.83,1.53,17.01,0.37,NA,NA,NA,0.61,0.25,18.67,69.64,0.22,116.02,0.01,0.60,59.32,749.47,NA
2022-11-26 00:00:00,87.12,241.43,14.55,60.95,80.02,39.63,29.41,1.12,16.07,0.27,NA,NA,NA,0.45,0.18,18.71,73.64,0.21,120.23,0.00,0.48,54.40,747.57,NA
2022-11-27 00:00:00,100.85,257.71,23.49,59.62,91.91,41.17,28.70,1.27,20.61,0.31,NA,NA,NA,0.51,0.20,18.95,75.04,0.15,80.46,0.00,0.12,54.62,746.24,NA
2022-11-28 00:00:00,83.73,219.70,55.80,60.77,140.60,40.19,24.77,1.54,20.64,0.37,NA,NA,NA,0.62,0.25,19.22,76.58,0.13,73.86,0.00,0.28,49.14,747.38,NA
2022-11-29 00:00:00,91.81,220.67,46.18,56.88,122.69,38.43,25.75,1.77,20.62,0.42,NA,NA,NA,0.71,0.28,19.27,77.75,0.15,117.22,0.01,1.00,48.23,748.85,NA
2022-11-30 00:00:00,77.83,187.75,12.87,55.82,72.61,36.49,22.24,1.15,20.56,0.28,NA,NA,NA,0.46,0.18,18.67,76.19,0.14,107.71,0.00,0.16,43.25,749.54,NA
2022-12-01 00:00:00,74.36,179.96,17.70,58.40,82.21,34.71,23.83,1.13,20.50,0.27,NA,NA,NA,0.45,0.18,18.14,74.59,0.23,152.01,0.00,0.36,51.10,749.09,NA
2022-12-02 00:00:00,94.39,218.23,23.76,57.76,90.52,35.67,25.08,1.29,20.51,0.31,NA,NA,NA,0.52,0.21,17.82,77.96,0.20,116.48,0.00,0.12,48.82,748.67,NA
2022-12-03 00:00:00,89.63,205.39,47.72,60.61,128.55,35.06,24.51,1.55,20.46,0.37,NA,NA,NA,0.62,0.25,17.93,79.26,0.17,108.08,0.00,0.40,47.07,748.96,NA
2022-12-04 00:00:00,93.65,213.90,28.19,47.57,87.25,35.17,24.17,1.38,20.32,0.33,NA,NA,NA,0.55,0.22,17.58,81.37,0.18,110.65,0.00,0.44,45.59,749.35,NA
2022-12-05 00:00:00,93.88,253.81,83.02,52.29,172.54,36.44,24.44,2.35,20.24,0.56,NA,NA,NA,0.94,0.38,17.36,80.66,0.17,107.61,0.00,0.12,47.46,749.86,NA
2022-12-06 00:00:00,66.58,197.43,10.82,48.89,62.93,34.33,24.87,1.03,20.24,0.25,NA,NA,NA,0.41,0.16,16.93,76.85,0.29,150.32,0.00,0.00,51.73,749.38,NA
2022-12-07 00:00:00,43.57,146.47,4.47,43.67,48.55,33.31,25.62,0.71,20.19,0.17,NA,NA,NA,0.28,0.11,17.36,68.67,0.40,179.31,0.00,0.00,55.63,748.83,NA
2022-12-08 00:00:00,52.05,167.84,7.07,47.94,56.48,34.44,25.85,0.87,20.12,0.21,NA,NA,NA,0.35,0.14,17.07,71.86,0.35,173.05,0.00,0.44,50.87,749.17,NA
2022-12-09 00:00:00,70.19,201.52,16.95,52.24,75.17,37.14,23.09,1.18,20.14,0.28,NA,NA,NA,0.47,0.19,17.31,78.61,0.20,102.13,0.00,0.28,47.61,748.62,NA
2022-12-10 00:00:00,95.81,259.55,53.69,57.74,134.58,42.12,25.36,1.94,20.09,0.47,NA,NA,NA,0.77,0.31,17.90,80.77,0.17,121.91,0.00,0.44,46.40,748.79,NA
2022-12-11 00:00:00,77.30,192.56,28.76,51.47,91.83,43.57,24.47,1.32,20.09,0.32,NA,NA,NA,0.53,0.21,18.68,79.99,0.25,155.21,0.00,0.00,49.86,748.73,NA
2022-12-12 00:00:00,43.33,121.79,11.04,42.69,57.29,41.20,25.56,0.81,21.25,0.19,NA,NA,NA,0.32,0.13,19.64,69.45,0.33,183.01,0.00,0.15,53.50,748.15,NA
2022-12-13 00:00:00,28.98,90.66,2.75,35.91,38.57,37.68,27.84,0.54,22.95,0.13,NA,NA,NA,0.22,0.09,20.17,60.39,0.47,221.10,0.00,0.44,52.99,748.89,NA
2022-12-14 00:00:00,23.08,83.03,2.52,34.58,36.96,35.39,29.61,0.50,22.86,0.12,NA,NA,NA,0.20,0.08,18.28,61.56,0.51,192.64,0.01,0.52,55.71,749.21,NA
2022-12-15 00:00:00,28.66,89.35,3.53,36.96,40.73,34.29,30.15,0.60,22.82,0.14,NA,NA,NA,0.24,0.10,16.23,65.95,0.39,152.68,0.00,0.16,54.90,748.78,NA
2022-12-16 00:00:00,43.63,119.75,10.66,47.91,61.74,34.29,35.63,0.89,22.79,0.21,NA,NA,NA,0.36,0.14,15.91,69.43,0.26,150.48,0.00,0.00,52.74,748.36,NA
2022-12-17 00:00:00,62.29,153.97,16.23,55.24,77.00,36.50,32.77,1.13,22.73,0.27,NA,NA,NA,0.45,0.18,15.41,75.41,0.23,119.56,0.00,0.12,48.94,749.25,NA
2022-12-18 00:00:00,100.04,220.43,43.59,56.18,118.20,42.08,31.46,1.53,22.72,0.37,NA,NA,NA,0.61,0.25,15.63,80.63,0.18,104.07,0.00,0.16,43.90,749.28,NA
2022-12-19 00:00:00,113.35,248.60,27.81,56.36,95.13,45.91,29.11,1.66,21.63,0.40,NA,NA,NA,0.67,0.27,15.52,85.22,0.23,136.82,0.01,0.56,43.51,748.34,NA
2022-12-20 00:00:00,56.89,205.30,10.18,55.73,68.55,50.87,28.09,1.42,18.62,0.34,NA,NA,NA,0.57,0.23,14.43,84.81,0.26,157.27,0.00,0.44,42.17,748.03,NA
2022-12-21 00:00:00,67.90,195.68,26.91,47.02,84.84,47.72,26.97,1.35,22.70,0.33,NA,NA,NA,0.54,0.22,15.63,76.64,0.24,128.85,0.01,0.64,48.49,748.65,NA
2022-12-22 00:00:00,44.83,133.71,15.62,45.14,66.39,42.45,25.73,1.07,16.81,0.26,NA,NA,NA,0.43,0.17,17.46,66.99,0.34,180.89,0.00,0.32,50.23,748.31,NA
2022-12-23 00:00:00,35.61,113.33,5.45,41.75,48.15,38.62,24.64,0.85,18.55,0.20,NA,NA,NA,0.34,0.14,17.75,64.82,0.38,131.04,0.00,0.00,46.31,747.62,NA
2022-12-24 00:00:00,35.12,111.01,2.56,36.64,38.99,38.67,24.40,0.69,19.77,0.17,NA,NA,NA,0.27,0.11,18.85,66.34,0.47,168.95,0.00,0.12,44.41,748.02,NA
2022-12-25 00:00:00,45.34,128.89,1.93,29.80,31.49,34.92,24.14,0.67,21.41,0.16,NA,NA,NA,0.27,0.11,16.31,63.56,0.58,226.09,0.00,0.00,45.52,749.28,NA
2022-12-26 00:00:00,85.45,194.88,2.12,33.49,35.31,35.52,23.00,0.88,19.50,0.21,NA,NA,NA,0.35,0.14,14.50,76.11,0.44,214.52,0.00,0.12,47.46,749.99,NA
2022-12-27 00:00:00,80.23,185.95,2.40,33.37,35.60,35.48,24.69,0.92,18.71,0.22,NA,NA,NA,0.37,0.15,11.77,84.29,0.51,211.52,0.00,0.36,43.12,749.90,NA
2022-12-28 00:00:00,60.41,157.43,5.92,41.80,48.89,35.75,26.45,0.79,18.30,0.19,NA,NA,NA,0.32,0.13,14.70,71.20,0.40,174.42,0.00,0.16,52.71,749.91,NA
2022-12-29 00:00:00,91.31,206.56,11.09,49.47,63.89,38.02,26.24,1.13,21.43,0.27,NA,NA,NA,0.45,0.18,15.01,72.84,0.34,142.67,0.00,0.16,48.49,750.00,NA
2022-12-30 00:00:00,105.13,216.75,10.69,38.80,53.04,41.46,24.34,1.34,17.06,0.32,NA,NA,NA,0.54,0.22,15.42,80.61,0.39,105.27,0.00,0.24,44.57,750.00,NA
2022-12-31 00:00:00,86.78,195.30,22.76,39.79,71.78,42.26,25.00,1.76,12.90,0.42,NA,NA,NA,0.71,0.28,12.98,90.24,0.36,170.02,0.00,0.16,31.66,750.00,NA
